gauge_id,q_mean,runoff_ratio,stream_elas,slope_fdc,baseflow_index,baseflow_index_ceh,hfd_mean,Q5,Q95,high_q_freq,high_q_dur,low_q_freq,low_q_dur,zero_q_freq
10002,1.30,0.57,1.36,1.94,0.67,0.63,131.33,0.31,3.48,2.17,1.35,7.41,7.52,0.00
10003,1.33,0.57,1.31,1.95,0.72,0.73,139.30,0.32,3.40,0.90,1.32,10.81,10.00,0.00
1001,1.66,0.60,1.31,4.01,0.49,0.39,110.95,0.08,5.61,6.59,1.58,103.15,11.46,0.00
101002,0.88,0.38,1.22,1.54,0.68,0.65,135.62,0.25,2.44,3.90,1.25,3.26,4.30,0.00
101005,0.80,0.35,1.28,1.47,0.62,0.59,136.79,0.25,2.29,6.23,1.44,0.42,2.80,0.00
102001,1.69,0.57,1.64,3.91,0.51,0.45,104.41,0.08,5.88,11.99,1.52,109.12,17.29,0.00
106001,3.25,0.78,1.52,3.14,0.55,0.46,126.50,0.22,9.60,0.48,1.29,72.03,11.45,0.00
107001,2.14,0.73,0.98,3.59,0.52,0.40,120.76,0.18,7.21,3.66,1.23,87.67,12.75,0.00
11001,1.43,0.58,1.43,1.92,0.70,0.68,145.82,0.38,3.62,1.07,1.66,1.53,4.60,0.00
11003,1.75,0.64,1.52,1.67,0.69,0.67,154.12,0.54,4.31,1.23,1.41,0.05,2.00,0.00
11004,1.48,0.59,1.34,1.84,0.73,0.74,145.97,0.39,3.57,1.45,1.63,1.38,3.00,0.00
12001,2.39,0.75,1.10,1.88,0.60,0.53,143.56,0.49,6.55,1.49,1.29,15.89,8.03,0.00
12002,2.23,0.71,1.15,1.97,0.60,0.52,140.02,0.42,6.14,1.96,1.45,22.51,8.40,0.00
12005,3.02,0.74,0.24,1.98,0.56,0.50,142.33,0.51,8.76,2.77,1.42,27.39,10.47,0.00
12006,2.29,0.79,1.26,1.84,0.61,0.54,148.49,0.51,6.10,1.92,1.39,10.94,7.62,0.00
12007,3.65,0.95,0.99,2.09,0.54,0.43,152.47,0.66,10.94,2.54,1.15,23.11,6.70,0.00
12008,2.22,0.68,1.39,2.22,0.52,0.46,140.00,0.34,7.06,8.27,1.49,39.79,10.36,0.00
12009,2.68,0.74,1.26,2.35,0.45,0.36,139.85,0.39,9.74,13.38,1.36,48.64,8.37,0.00
13001,1.50,0.60,1.38,2.24,0.60,0.55,134.84,0.26,4.48,4.88,1.69,29.52,10.87,0.00
13004,2.67,0.75,1.57,2.01,0.60,0.55,136.00,0.55,7.78,3.22,1.27,14.83,7.13,0.00
13005,1.15,0.50,1.42,2.70,0.56,0.53,124.06,0.13,4.03,9.52,2.09,58.68,16.67,0.00
13007,2.25,0.71,1.44,2.31,0.56,0.51,134.78,0.38,6.85,5.11,1.50,31.98,8.65,0.00
13008,2.26,0.70,1.40,2.10,0.59,0.54,135.94,0.41,6.60,2.38,1.39,26.60,8.89,0.00
14001,1.14,0.50,1.12,2.02,0.65,0.63,134.33,0.27,3.24,2.62,1.57,5.53,7.55,0.00
14002,1.10,0.48,1.22,2.50,0.62,0.60,129.62,0.17,3.44,3.77,1.91,42.32,9.80,0.00
14005,0.85,0.40,1.46,2.52,0.60,0.58,133.91,0.14,2.59,4.95,2.38,28.63,7.10,0.00
15006,3.37,0.81,1.26,2.23,0.66,0.65,130.11,0.80,8.58,0.16,1.17,6.91,12.96,0.00
15007,4.60,0.81,1.14,2.16,0.65,0.64,128.09,0.90,12.05,0.36,1.78,19.29,7.48,0.00
15010,1.90,0.59,1.45,2.19,0.59,0.53,133.25,0.38,5.89,3.11,1.32,20.30,7.17,0.00
15011,2.83,0.48,1.13,2.06,0.53,0.43,132.73,0.66,9.02,5.49,1.27,5.91,4.93,0.00
15012,3.87,0.88,1.06,2.44,0.66,0.62,131.49,1.02,9.72,0.33,1.40,1.38,11.80,0.00
15013,2.67,0.66,1.58,2.61,0.52,0.44,125.47,0.36,8.85,6.34,1.34,49.17,9.13,0.00
15014,2.69,0.78,1.26,2.46,0.50,0.40,133.58,0.39,9.39,6.28,1.18,43.16,6.74,0.00
15016,6.79,1.07,1.14,2.17,0.65,0.66,127.50,1.06,17.72,0.07,1.50,29.70,16.32,0.00
15021,1.44,0.54,1.16,2.50,0.63,0.65,127.97,0.15,4.09,1.21,2.31,48.84,18.04,0.00
15023,2.89,0.72,1.20,2.83,0.50,0.43,123.42,0.24,9.80,6.26,1.47,68.98,13.45,0.00
15024,5.95,0.78,1.06,3.54,0.41,0.26,127.62,0.50,21.11,10.10,1.41,85.22,7.24,0.00
15025,2.59,0.77,1.33,2.31,0.55,0.48,132.39,0.40,7.91,3.12,1.12,37.21,7.58,0.00
15030,1.32,0.55,1.31,2.25,0.60,0.58,131.85,0.25,4.19,4.04,2.08,25.48,10.75,0.00
15039,3.71,0.97,1.06,2.19,0.51,0.40,134.79,0.73,12.39,5.81,1.25,20.46,5.72,0.00
16001,3.48,0.79,1.23,2.84,0.59,0.53,124.11,0.45,9.92,0.82,1.28,53.71,7.24,0.00
16003,4.49,0.80,1.10,3.27,0.41,0.29,125.00,0.34,16.87,14.49,1.33,84.96,7.77,0.00
16004,3.24,0.78,1.25,2.81,0.58,0.53,122.74,0.43,9.64,1.67,1.36,51.12,7.71,0.00
17001,2.54,0.56,1.47,2.96,0.45,0.34,118.38,0.42,9.44,16.97,1.81,48.25,5.09,0.00
17003,2.19,0.65,1.19,2.05,0.56,0.47,127.93,0.48,6.81,5.05,1.29,12.47,4.32,0.00
17004,1.18,0.46,1.30,2.18,0.60,0.55,127.81,0.21,3.53,3.25,1.68,26.51,7.81,0.00
17005,1.88,0.65,1.32,2.70,0.50,0.41,120.02,0.30,6.87,11.37,1.55,40.81,8.23,0.00
17015,2.68,0.74,1.22,2.59,0.50,0.42,119.62,0.31,9.31,9.53,1.59,57.97,12.34,0.00
17018,1.48,0.49,1.45,2.04,0.65,0.61,142.86,0.26,3.95,2.18,1.35,24.36,8.57,0.00
18001,2.95,0.72,1.29,2.64,0.52,0.43,123.89,0.42,9.76,6.27,1.28,41.60,8.43,0.00
18002,2.34,0.60,1.40,2.26,0.56,0.51,127.11,0.49,7.12,5.82,1.58,14.02,5.71,0.00
18003,4.32,0.74,1.62,2.75,0.52,0.45,124.44,0.72,14.39,3.87,2.02,36.91,11.93,0.00
18008,5.80,0.89,1.22,3.21,0.48,0.38,126.38,0.45,19.08,2.47,1.71,71.19,11.07,0.00
18010,3.56,0.71,1.42,3.43,0.47,0.36,120.07,0.29,12.61,7.10,1.68,77.21,8.53,0.00
18011,3.96,0.74,1.25,3.11,0.50,0.41,127.37,0.48,12.86,4.14,1.89,58.92,10.43,0.00
18014,3.10,0.76,1.40,2.14,0.56,0.50,124.43,0.73,10.00,7.67,1.40,6.06,4.97,0.00
18017,6.46,0.86,1.16,3.92,0.32,0.19,124.00,0.23,28.74,31.71,1.59,130.91,8.68,0.01
18018,5.27,0.80,0.84,2.91,0.47,0.39,126.93,0.60,17.53,7.86,1.18,56.07,8.35,0.00
19001,1.47,0.56,1.23,2.73,0.49,0.40,122.93,0.24,5.21,11.00,1.49,41.89,6.23,0.00
19006,1.32,0.53,1.22,2.23,0.59,0.53,131.44,0.32,3.96,5.12,1.37,7.51,4.89,0.00
19010,1.04,0.50,0.67,2.13,0.65,0.62,148.16,0.19,2.67,2.77,1.82,23.09,5.45,0.00
19017,1.08,0.47,1.84,2.44,0.48,0.40,126.33,0.11,3.77,11.32,1.72,60.89,7.40,0.00
19020,2.13,0.68,0.75,3.16,0.39,0.28,117.72,0.21,8.65,22.67,1.68,92.99,7.44,0.00
20002,0.50,0.29,2.07,2.70,0.53,0.47,132.96,0.03,1.72,13.06,2.52,85.57,11.82,0.00
20003,0.78,0.39,1.51,2.34,0.55,0.49,136.87,0.14,2.60,8.15,1.63,26.76,7.62,0.00
20007,0.97,0.45,1.19,2.24,0.61,0.59,144.12,0.20,2.73,4.71,1.54,16.17,6.44,0.00
2001,2.08,0.67,1.05,2.74,0.56,0.47,125.02,0.48,6.65,3.78,1.24,6.45,4.96,0.00
2002,2.49,0.72,1.29,3.44,0.45,0.31,128.61,0.20,8.71,8.83,1.50,84.26,9.74,0.00
21003,1.99,0.61,1.19,2.47,0.61,0.56,125.07,0.41,5.88,2.77,1.32,14.65,5.63,0.00
21006,2.15,0.64,1.00,2.44,0.58,0.52,126.24,0.40,6.42,2.98,1.44,25.05,5.66,0.00
21008,1.61,0.60,1.24,2.72,0.53,0.45,126.33,0.22,5.38,6.18,1.33,58.26,9.56,0.00
21009,1.59,0.58,1.20,2.51,0.59,0.52,129.71,0.28,4.78,2.36,1.38,30.24,7.56,0.00
21011,2.41,0.63,0.68,2.64,0.55,0.48,125.52,0.43,7.57,3.84,1.43,27.08,6.36,0.00
21012,2.41,0.71,1.13,2.88,0.51,0.42,120.84,0.26,8.10,7.32,1.35,68.61,10.03,0.00
21013,1.56,0.60,1.13,2.68,0.56,0.51,129.18,0.22,4.91,4.00,1.55,51.11,11.98,0.00
21015,1.21,0.52,1.57,2.79,0.56,0.50,131.82,0.16,3.90,6.41,1.49,59.97,11.31,0.00
21016,0.91,0.44,1.39,2.86,0.51,0.46,133.76,0.10,3.13,12.32,2.06,69.19,14.22,0.00
21017,4.37,0.85,0.95,2.90,0.44,0.33,125.91,0.45,15.63,10.63,1.26,63.23,8.74,0.00
21018,1.57,0.58,0.92,2.29,0.61,0.57,128.82,0.35,4.64,2.96,1.32,9.40,3.74,0.00
21022,1.15,0.50,1.46,2.58,0.56,0.52,142.33,0.20,3.58,6.69,1.65,30.73,5.36,0.00
21023,0.77,0.41,2.10,4.02,0.40,0.32,127.07,0.02,3.06,26.00,2.77,136.13,19.79,0.00
21024,1.48,0.58,1.34,2.45,0.50,0.41,134.20,0.25,5.18,10.94,1.39,35.86,8.34,0.00
21026,3.98,0.87,1.15,3.33,0.38,0.25,124.88,0.23,15.56,18.24,1.36,98.68,8.21,0.00
21027,1.02,0.47,1.91,2.54,0.54,0.49,136.26,0.15,3.18,7.90,1.54,46.34,11.77,0.00
22001,1.26,0.53,1.47,2.79,0.51,0.45,135.51,0.18,4.29,9.02,1.57,56.81,9.91,0.00
22006,0.65,0.34,1.63,3.89,0.43,0.36,135.22,0.04,2.50,22.87,2.50,130.21,17.59,0.00
22007,0.98,0.45,1.95,3.87,0.44,0.37,134.82,0.07,3.49,17.23,1.88,113.48,15.85,0.00
22009,1.45,0.57,1.48,2.86,0.54,0.49,141.05,0.22,4.38,6.23,1.44,46.07,10.79,0.00
23001,1.78,0.62,1.15,2.68,0.50,0.39,126.51,0.24,5.97,6.53,1.30,57.91,5.92,0.00
23004,2.11,0.66,1.31,2.97,0.45,0.34,125.24,0.23,7.38,10.96,1.32,70.96,9.42,0.00
23006,2.86,0.77,1.08,2.87,0.44,0.33,127.11,0.35,10.29,10.77,1.23,64.70,8.14,0.00
23007,0.83,0.35,1.52,1.61,0.63,0.60,156.36,0.29,2.36,5.84,1.80,0.11,2.50,0.00
23008,1.47,0.55,1.35,3.28,0.43,0.32,126.78,0.15,5.53,17.58,1.61,96.58,10.67,0.00
23011,2.79,0.80,0.84,2.73,0.43,0.32,131.20,0.40,10.45,13.59,1.26,56.77,7.92,0.00
23016,0.51,0.27,2.00,3.00,0.39,0.29,151.12,0.05,1.87,17.84,2.03,100.51,5.51,0.00
24001,1.46,0.56,1.47,2.80,0.50,0.42,134.24,0.25,5.20,10.88,1.56,48.74,6.78,0.00
24003,1.94,0.55,1.38,2.77,0.44,0.34,124.31,0.25,7.62,17.43,1.57,75.28,10.33,0.00
24004,1.42,0.56,1.33,3.04,0.52,0.47,136.87,0.17,4.71,8.41,1.49,69.74,11.41,0.00
24005,0.74,0.36,1.47,2.58,0.54,0.49,147.76,0.11,2.45,9.83,1.58,45.55,6.05,0.00
25001,1.88,0.61,1.56,3.11,0.48,0.37,129.47,0.28,6.64,9.98,1.43,52.16,5.02,0.00
25003,4.28,0.83,1.00,4.65,0.29,0.13,139.77,0.15,17.52,32.30,1.43,138.82,5.72,0.00
25006,2.29,0.74,1.38,3.99,0.34,0.22,121.69,0.11,9.69,28.34,1.73,128.35,10.09,0.00
25012,3.51,0.81,1.06,3.61,0.37,0.24,124.11,0.24,14.02,20.89,1.40,106.54,8.34,0.00
25020,0.50,0.27,2.09,2.37,0.49,0.41,140.67,0.06,1.73,15.04,2.07,45.34,8.80,0.00
25021,0.47,0.25,2.26,2.06,0.51,0.43,149.05,0.07,1.71,14.71,1.96,39.52,9.14,0.00
25029,0.92,0.43,1.02,2.89,0.49,0.42,138.78,0.12,3.49,17.61,1.88,67.91,7.42,0.00
26003,0.92,0.48,2.09,2.19,0.84,0.96,178.69,0.19,2.20,0.00,0.00,17.45,15.20,0.00
26005,0.08,0.04,2.65,NaN,0.70,0.91,172.31,0.00,0.36,51.15,53.15,172.64,68.84,0.34
26006,5.80,3.07,1.27,4.85,0.71,0.97,172.36,0.02,18.42,3.41,20.17,114.85,97.00,0.05
26008,0.50,0.26,1.12,2.15,0.82,0.87,168.17,0.09,1.28,0.13,1.00,23.43,14.22,0.00
26009,0.94,0.46,1.43,2.71,0.79,0.97,170.70,0.17,2.53,0.00,0.00,25.36,13.06,0.00
27001,1.36,0.51,1.53,2.55,0.55,0.49,131.56,0.26,4.41,6.83,1.56,23.92,6.12,0.00
27002,2.06,0.63,1.05,2.74,0.50,0.40,126.58,0.29,6.90,6.96,1.36,54.85,9.83,0.00
27003,1.61,0.60,1.36,2.06,0.60,0.54,133.22,0.43,4.80,3.05,1.54,4.52,5.21,0.00
27006,1.16,0.41,1.59,2.07,0.56,0.49,140.31,0.27,3.74,7.42,1.70,10.78,4.71,0.00
27007,2.05,0.65,1.34,2.95,0.49,0.40,126.44,0.27,6.99,7.98,1.50,62.52,10.22,0.00
27009,1.34,0.53,1.61,2.78,0.53,0.45,129.73,0.20,4.59,5.40,2.07,48.64,8.54,0.00
27021,1.11,0.50,1.43,1.84,0.62,0.57,145.93,0.34,3.34,3.97,1.64,0.12,1.67,0.00
27023,0.96,0.45,1.54,2.26,0.55,0.49,142.36,0.21,3.09,9.38,1.70,13.56,4.92,0.00
27025,1.01,0.48,1.25,1.87,0.60,0.55,141.65,0.26,3.11,5.73,1.50,6.15,5.80,0.00
27026,1.01,0.46,1.65,2.72,0.52,0.46,134.07,0.16,3.42,9.87,1.54,44.32,6.44,0.00
27029,2.08,0.60,1.27,2.23,0.58,0.51,130.62,0.51,6.58,4.52,1.43,3.46,4.44,0.00
27030,0.92,0.48,1.46,1.73,0.61,0.56,150.20,0.27,2.71,4.99,1.71,1.35,3.00,0.00
27032,0.70,0.17,1.07,2.80,0.51,0.43,127.38,0.11,2.32,7.13,1.31,34.96,9.99,0.00
27034,2.76,0.73,1.43,3.33,0.43,0.32,121.09,0.21,10.04,13.00,1.54,90.13,9.79,0.00
27035,2.01,0.63,1.44,3.33,0.46,0.37,116.78,0.20,7.65,14.69,1.96,86.56,10.88,0.00
27038,5.87,2.97,0.93,0.73,0.91,0.96,175.87,3.70,8.96,0.00,0.00,0.00,0.00,0.00
27041,0.91,0.42,1.18,2.04,0.70,0.70,149.21,0.24,2.48,0.40,5.67,5.13,9.39,0.00
27042,1.49,0.59,1.15,2.32,0.65,0.62,142.82,0.32,4.16,1.28,1.33,12.63,7.77,0.00
27043,2.85,0.72,1.12,2.99,0.45,0.34,122.52,0.36,10.36,11.92,1.43,66.68,9.32,0.00
27047,4.27,0.85,0.91,4.26,0.32,0.18,125.23,0.17,18.13,32.01,1.50,133.07,7.92,0.00
27049,1.29,0.54,1.39,2.26,0.68,0.68,149.14,0.29,3.33,1.53,1.43,10.36,11.51,0.00
27051,1.14,0.49,1.75,4.52,0.42,0.31,124.77,0.05,4.55,22.42,1.80,132.66,13.02,0.00
27062,1.40,0.52,1.56,2.57,0.55,0.50,129.30,0.27,4.74,8.31,1.84,21.01,7.59,0.00
27064,0.56,0.33,1.67,1.71,0.61,0.58,154.00,0.16,1.64,7.15,1.92,0.61,2.44,0.00
27065,1.84,0.53,1.43,2.30,0.57,0.51,127.11,0.41,5.91,6.39,1.58,8.37,4.05,0.00
27071,1.32,0.57,1.60,2.40,0.54,0.47,132.78,0.23,4.57,5.26,1.87,31.74,9.42,0.00
27073,2.85,1.40,1.31,2.42,0.79,0.90,160.60,0.46,7.02,0.00,0.00,22.48,38.85,0.00
27077,0.90,0.35,0.79,1.98,0.57,0.52,144.15,0.24,2.68,5.24,1.32,0.16,5.00,0.00
27079,1.81,0.64,1.47,1.92,0.62,0.56,140.46,0.54,5.17,3.28,1.39,0.00,0.00,0.00
27080,1.83,0.68,1.10,2.01,0.60,0.54,140.52,0.53,5.53,2.49,1.44,0.00,0.00,0.00
27084,1.83,0.61,1.33,3.35,0.44,0.35,122.68,0.16,7.02,16.31,1.57,96.13,10.09,0.00
27087,0.72,0.35,1.18,1.99,0.78,0.81,157.15,0.18,1.74,0.00,0.00,5.84,8.06,0.00
27089,1.84,0.57,1.49,2.66,0.50,0.41,134.48,0.29,6.20,8.54,1.57,36.57,6.69,0.00
27090,2.23,0.68,1.55,2.76,0.47,0.37,127.61,0.22,8.11,9.83,1.49,69.64,8.87,0.00
28001,1.40,0.36,1.81,0.93,0.53,0.48,137.49,0.32,5.58,19.47,2.90,4.27,9.60,0.00
28003,1.10,0.54,0.63,1.24,0.67,0.61,168.37,0.45,2.79,1.66,1.14,0.00,0.00,0.00
28008,1.64,0.58,1.34,2.17,0.66,0.63,135.20,0.40,4.56,1.07,1.17,4.93,9.65,0.00
28009,0.96,0.46,1.53,1.88,0.67,0.63,141.62,0.32,2.73,0.60,2.70,0.42,3.80,0.00
28012,0.91,0.44,1.48,1.40,0.72,0.69,147.43,0.32,2.36,0.26,1.38,0.57,24.00,0.00
28015,0.38,0.21,1.24,1.38,0.78,0.78,154.73,0.14,0.84,0.06,1.00,1.80,7.38,0.00
28018,1.35,0.52,1.23,1.99,0.65,0.62,135.56,0.34,3.84,1.71,1.40,4.24,9.10,0.00
28022,0.93,0.45,1.38,1.85,0.68,0.65,142.78,0.30,2.57,0.33,2.14,0.36,4.00,0.00
28023,1.82,0.57,1.14,2.01,0.74,0.77,138.69,0.57,4.40,0.11,1.00,0.36,10.00,0.00
28024,0.59,0.33,1.98,3.26,0.47,0.40,130.40,0.06,2.44,23.67,2.82,91.22,10.12,0.00
28026,0.71,0.39,1.83,2.00,0.57,0.51,138.80,0.17,2.23,8.47,1.90,8.38,4.83,0.00
28031,2.09,0.70,1.26,2.31,0.58,0.53,129.24,0.36,6.53,3.51,1.18,27.87,10.45,0.00
28033,3.03,0.83,1.37,2.47,0.55,0.47,125.94,0.51,9.32,3.51,1.58,30.47,8.14,0.00
28039,0.88,0.40,1.33,1.78,0.53,0.45,152.49,0.22,2.70,6.97,1.21,2.47,2.85,0.00
28040,0.92,0.39,1.52,2.38,0.53,0.44,131.80,0.17,3.03,7.51,1.41,23.89,4.54,0.00
28043,1.60,0.50,1.83,2.23,0.60,0.55,131.78,0.37,5.12,5.42,1.76,4.51,5.34,0.00
28044,0.80,0.43,1.38,0.88,0.89,0.92,176.10,0.41,1.52,0.00,0.00,0.00,0.00,0.00
28046,1.95,0.65,1.29,1.93,0.75,0.78,142.13,0.51,4.60,0.00,0.00,5.96,16.75,0.00
28048,0.94,0.42,1.47,1.98,0.56,0.49,137.44,0.24,2.98,7.96,1.45,2.55,4.38,0.00
28050,0.59,0.35,1.27,1.39,0.72,0.70,164.16,0.22,1.49,1.27,2.07,0.07,1.00,0.00
28052,0.72,0.34,1.62,1.84,0.67,0.65,149.60,0.21,1.97,3.17,1.67,4.67,15.77,0.00
28055,1.07,0.45,1.66,2.86,0.55,0.50,131.49,0.17,3.58,7.93,1.39,44.99,7.65,0.00
28056,0.70,0.36,1.81,2.55,0.53,0.46,141.74,0.11,2.31,9.93,1.81,30.67,5.02,0.00
28060,0.23,0.12,1.39,1.59,0.74,0.75,159.05,0.07,0.56,2.13,1.28,1.15,2.61,0.00
28066,0.70,0.36,0.89,2.36,0.52,0.43,148.43,0.14,2.24,7.18,1.25,16.87,4.04,0.00
28067,1.37,0.50,1.59,2.12,0.66,0.64,139.79,0.36,3.84,1.89,1.60,1.96,2.37,0.00
28072,0.44,0.24,1.51,1.62,0.71,0.71,154.05,0.14,1.14,2.72,1.28,0.76,3.44,0.00
28074,0.79,0.42,1.20,1.84,0.61,0.55,144.77,0.23,2.55,4.06,2.12,0.00,0.00,0.00
28080,1.51,0.77,0.69,0.99,0.73,0.69,161.04,0.81,3.39,0.36,1.23,0.00,0.00,0.00
28081,1.12,0.54,1.05,1.34,0.69,0.64,166.41,0.41,2.69,0.78,1.14,0.07,1.00,0.00
28082,0.66,0.37,1.37,2.46,0.55,0.49,138.76,0.13,2.29,10.57,1.88,24.59,4.87,0.00
28085,1.39,0.50,1.59,2.15,0.66,0.64,136.00,0.36,4.01,1.73,1.47,0.47,2.33,0.00
28091,0.59,0.33,1.58,1.28,0.74,0.73,159.66,0.21,1.42,0.71,1.69,2.15,3.53,0.00
28093,0.75,0.41,1.29,1.96,0.59,0.53,144.60,0.20,2.54,6.75,2.27,1.63,2.35,0.00
28115,1.95,0.95,0.14,0.72,0.81,0.79,174.00,1.22,3.59,0.04,1.00,0.00,0.00,0.00
28116,0.49,0.25,0.02,0.85,0.78,0.75,166.89,0.27,0.97,0.21,1.33,0.00,0.00,0.00
28117,1.70,0.54,1.16,1.86,0.69,0.68,138.32,0.50,4.43,0.96,1.64,0.00,0.00,0.00
29002,0.67,0.35,1.59,1.53,0.85,0.89,166.84,0.25,1.42,0.07,1.00,0.00,0.00,0.00
29003,0.68,0.35,1.82,1.98,0.83,0.90,168.89,0.19,1.64,0.11,1.00,2.27,4.08,0.00
29005,0.67,0.38,2.00,2.85,0.57,0.54,139.59,0.09,2.02,9.08,1.81,54.06,9.39,0.00
29009,0.40,0.24,1.86,4.47,0.55,0.54,133.52,0.01,1.57,21.39,4.11,132.43,21.73,0.02
30001,0.57,0.33,1.95,2.33,0.69,0.69,155.47,0.12,1.63,2.49,1.58,13.91,5.40,0.00
30004,0.72,0.37,1.51,1.68,0.68,0.65,141.13,0.21,1.92,2.59,1.25,3.99,5.42,0.00
30005,0.57,0.31,1.90,2.37,0.74,0.79,153.78,0.10,1.64,0.77,1.29,23.41,9.51,0.00
30011,0.46,0.24,1.81,2.30,0.73,0.74,153.62,0.10,1.26,1.45,1.88,17.73,11.64,0.00
30012,0.56,0.32,2.30,4.14,0.51,0.46,128.18,0.02,2.04,16.50,2.29,119.75,17.65,0.00
30014,0.55,0.33,2.62,4.34,0.53,0.49,154.80,0.00,1.97,15.25,2.24,122.34,20.63,0.05
30015,0.59,0.32,1.77,2.34,0.79,0.90,165.22,0.13,1.51,0.05,1.00,10.50,11.19,0.00
3003,4.27,0.78,1.09,3.62,0.40,0.23,129.42,0.28,15.15,11.10,1.26,95.01,6.33,0.00
31002,0.28,0.16,3.24,4.62,0.58,0.57,149.64,0.01,1.09,21.46,3.40,134.25,30.13,0.02
31006,0.39,0.22,1.09,1.55,0.82,0.87,169.27,0.16,0.90,0.16,1.17,0.00,0.00,0.00
31010,0.65,0.36,1.87,2.64,0.58,0.54,139.67,0.09,2.16,9.60,1.79,37.77,11.56,0.00
31021,0.50,0.28,2.41,3.59,0.46,0.39,130.29,0.05,2.06,25.82,2.70,119.60,10.77,0.00
31023,0.42,0.23,3.04,NaN,0.24,0.13,132.16,0.00,2.04,75.60,5.05,217.18,20.41,0.38
31025,0.66,0.35,2.05,4.80,0.36,0.27,133.08,0.03,2.88,39.50,2.88,166.69,16.77,0.00
32003,0.54,0.31,2.71,2.54,0.51,0.45,142.27,0.09,1.90,15.86,2.18,37.63,5.21,0.00
32004,0.61,0.34,2.02,2.61,0.57,0.52,142.50,0.09,2.08,11.02,2.22,45.27,6.68,0.00
32006,0.60,0.33,1.78,2.28,0.63,0.59,141.93,0.13,1.93,7.78,1.76,8.27,5.31,0.00
32008,0.57,0.31,1.65,2.36,0.60,0.56,140.18,0.12,1.91,9.29,1.78,12.36,5.01,0.00
33006,0.64,0.35,1.52,1.98,0.79,0.81,156.24,0.15,1.54,0.00,0.00,8.62,13.38,0.00
33007,0.64,0.34,0.74,1.60,0.86,0.91,166.02,0.20,1.32,0.00,0.00,1.69,3.80,0.00
33012,0.39,0.23,1.90,4.38,0.34,0.25,133.36,0.01,1.86,48.45,5.19,188.47,22.80,0.01
33013,0.32,0.19,1.01,2.31,0.67,0.65,146.27,0.04,1.01,4.73,2.48,35.96,12.74,0.00
33014,0.40,0.24,0.73,1.50,0.78,0.76,159.11,0.14,0.96,0.40,1.38,2.05,3.83,0.00
33018,0.71,0.38,1.72,2.58,0.58,0.54,138.89,0.13,2.34,9.22,1.69,29.80,8.82,0.00
33019,0.53,0.30,1.34,2.32,0.75,0.78,149.02,0.13,1.37,0.29,2.60,8.93,7.73,0.00
33020,0.36,0.22,2.45,5.07,0.34,0.26,133.17,0.01,1.54,52.98,6.74,197.09,27.77,0.05
33021,0.32,0.21,1.39,2.41,0.72,0.74,154.40,0.07,0.98,5.07,2.75,13.22,10.08,0.00
33022,0.47,0.29,0.83,1.61,0.74,0.73,151.87,0.17,1.20,1.47,1.61,0.82,6.17,0.00
33023,0.17,0.10,1.18,4.20,0.67,0.69,158.00,0.01,0.58,11.27,2.58,105.92,45.24,0.01
33024,0.39,0.24,1.25,1.95,0.76,0.77,155.60,0.11,1.02,1.80,1.45,2.20,5.82,0.00
33026,0.48,0.27,2.01,3.10,0.56,0.51,139.05,0.07,1.86,14.59,4.18,62.21,6.08,0.00
33028,0.65,0.39,1.05,1.16,0.76,0.74,152.87,0.28,1.52,0.44,1.18,0.40,6.00,0.00
33029,0.44,0.25,2.22,2.84,0.77,0.84,155.24,0.05,1.18,0.29,1.44,41.91,26.18,0.00
33031,0.40,0.23,1.64,2.78,0.43,0.35,137.13,0.05,1.43,19.85,2.47,97.94,8.36,0.00
33032,0.31,0.17,1.70,1.85,0.86,0.96,179.82,0.08,0.74,0.00,0.00,11.12,24.95,0.00
33033,0.52,0.31,0.81,1.15,0.84,0.85,168.00,0.25,1.07,0.09,1.33,0.00,0.00,0.00
33034,0.45,0.26,1.33,1.91,0.77,0.80,152.76,0.13,1.14,0.09,2.00,1.51,6.80,0.00
33035,0.37,0.22,1.64,2.49,0.69,0.58,143.44,0.04,1.04,0.57,1.92,41.32,4.22,0.03
33039,0.59,0.33,1.76,2.65,0.58,0.54,139.67,0.10,2.24,11.88,4.18,31.44,7.34,0.00
33053,0.20,0.12,1.28,3.33,0.60,0.58,145.53,0.01,0.70,11.77,2.11,78.22,15.48,0.04
33054,0.91,0.48,1.35,1.46,0.89,0.95,178.03,0.33,1.79,0.00,0.00,1.43,3.73,0.00
33058,0.74,0.41,1.82,2.05,0.61,0.56,142.21,0.17,2.29,8.07,1.86,5.41,2.84,0.00
34002,0.41,0.24,1.01,2.10,0.64,0.60,137.33,0.10,1.27,5.31,1.91,9.71,7.68,0.00
34003,0.62,0.33,0.93,0.98,0.83,0.83,154.60,0.31,1.17,0.09,1.33,0.00,0.00,0.00
34004,0.63,0.33,0.90,1.72,0.76,0.75,146.31,0.20,1.49,0.16,3.50,5.75,4.54,0.00
34005,0.41,0.22,1.22,1.95,0.67,0.64,137.69,0.10,1.13,2.46,1.51,11.40,4.80,0.00
34006,0.40,0.24,1.63,2.67,0.52,0.46,134.87,0.06,1.56,18.56,3.10,59.09,9.67,0.00
34007,0.42,0.26,1.54,2.43,0.52,0.47,137.40,0.09,1.48,15.96,2.63,10.80,3.56,0.00
34008,0.65,0.36,1.04,0.89,0.86,0.86,160.38,0.35,1.09,0.00,0.00,0.05,2.00,0.00
34010,0.42,0.25,1.75,3.24,0.51,0.46,134.40,0.04,1.59,17.95,3.39,90.85,13.54,0.00
34011,0.45,0.23,1.15,1.81,0.80,0.82,155.53,0.12,1.06,0.11,1.25,4.14,10.33,0.00
34012,0.32,0.17,1.66,1.72,0.89,0.96,181.80,0.10,0.70,0.00,0.00,1.33,3.16,0.00
35003,0.45,0.27,1.50,2.78,0.43,0.36,130.53,0.06,1.73,26.03,2.72,74.04,13.71,0.00
35008,0.44,0.27,1.10,3.23,0.46,0.39,132.36,0.06,1.76,23.33,2.79,90.00,8.15,0.00
36003,0.34,0.21,1.28,1.80,0.65,0.63,143.00,0.09,0.99,5.91,1.80,3.69,5.03,0.00
36006,0.46,0.28,0.72,2.10,0.58,0.52,138.82,0.10,1.65,8.73,2.46,16.76,4.86,0.00
36009,0.43,0.26,0.97,5.67,0.40,0.32,133.02,0.01,1.90,44.56,4.73,168.12,24.47,0.04
36010,0.43,0.26,2.09,5.55,0.33,0.24,126.56,0.01,1.96,47.87,4.18,192.79,20.05,0.01
36011,0.61,0.36,1.90,2.03,0.50,0.40,136.91,0.12,2.18,15.60,1.88,18.92,1.96,0.00
36012,0.91,0.53,-0.51,2.95,0.52,0.52,151.93,0.07,3.28,14.26,2.75,80.67,7.70,0.00
37001,0.53,0.32,2.27,3.09,0.47,0.39,133.69,0.06,2.30,24.04,3.24,86.73,6.46,0.00
37003,0.39,0.24,2.16,2.33,0.53,0.47,138.36,0.06,1.38,15.14,2.75,35.41,4.84,0.00
37005,0.40,0.25,1.46,2.20,0.57,0.51,136.51,0.07,1.37,11.23,2.38,18.49,7.10,0.00
37008,0.49,0.29,1.69,1.80,0.61,0.57,137.64,0.13,1.55,9.04,2.02,2.82,8.47,0.00
37009,0.58,0.36,1.11,1.29,0.69,0.66,146.82,0.23,1.45,2.93,1.76,0.00,0.00,0.00
37010,0.48,0.29,0.88,1.96,0.61,0.56,142.40,0.13,1.40,6.05,2.18,3.56,4.85,0.00
37011,0.43,0.26,1.72,2.67,0.49,0.42,131.09,0.06,1.67,20.52,2.41,62.39,8.21,0.00
37018,0.64,0.39,1.54,1.87,0.56,0.49,143.31,0.18,2.07,8.08,1.43,0.73,1.74,0.00
37019,0.55,0.34,1.55,2.26,0.47,0.38,143.09,0.11,1.93,13.86,1.49,8.29,3.33,0.00
37020,0.47,0.28,1.51,2.01,0.55,0.49,134.42,0.10,1.68,14.88,2.21,13.45,6.51,0.00
37031,0.42,0.26,1.52,3.01,0.38,0.27,147.20,0.05,1.68,21.75,1.73,93.11,5.08,0.00
37033,0.44,0.28,1.16,2.51,0.41,0.31,152.95,0.05,1.62,16.53,1.29,54.45,4.23,0.00
38001,0.37,0.21,1.69,2.19,0.65,0.61,152.09,0.06,1.12,4.78,1.69,32.44,6.21,0.00
38003,0.34,0.19,0.87,1.15,0.90,0.93,178.93,0.14,0.67,0.00,0.00,0.00,0.00,0.00
38004,0.33,0.19,2.08,2.10,0.61,0.58,144.75,0.05,1.06,10.26,1.94,27.21,15.02,0.00
38007,0.74,0.44,1.26,2.21,0.47,0.38,146.93,0.16,2.59,13.13,1.36,10.58,3.90,0.00
38012,0.23,0.13,1.29,2.57,0.34,0.23,155.62,0.02,0.96,27.84,1.42,90.34,4.58,0.00
38014,0.62,0.34,1.34,2.74,0.41,0.30,135.09,0.07,2.49,20.98,1.68,81.14,5.21,0.00
38017,0.19,0.11,1.09,1.50,0.91,0.96,190.93,0.03,0.42,0.00,0.00,19.80,11.72,0.01
38018,0.70,0.39,1.17,1.37,0.82,0.82,167.62,0.27,1.48,0.00,0.00,0.07,1.00,0.00
38021,0.42,0.23,2.51,3.80,0.33,0.22,134.47,0.02,1.96,41.94,3.05,165.92,8.51,0.00
38026,0.47,0.28,1.82,3.42,0.48,0.42,137.00,0.04,1.92,21.16,2.83,105.01,10.44,0.00
38029,0.25,0.14,2.21,1.70,0.48,0.44,141.26,0.03,0.99,19.91,2.34,68.66,32.11,0.00
38030,0.28,0.16,0.86,1.34,0.76,0.75,166.73,0.09,0.67,1.38,1.25,0.00,0.00,0.00
39001,0.54,0.27,1.90,3.56,0.63,0.59,138.44,0.05,1.90,3.87,4.70,82.40,8.47,0.00
39002,0.71,0.36,1.49,3.24,0.64,0.63,135.76,0.08,2.53,3.98,4.84,71.31,10.99,0.00
39004,0.15,0.07,1.38,1.42,0.79,0.79,175.26,0.02,0.35,0.25,1.25,37.44,5.69,0.02
39005,1.18,0.67,0.73,0.84,0.72,0.66,165.47,0.58,2.73,1.04,1.07,0.50,2.63,0.00
39006,0.78,0.37,1.41,2.52,0.77,0.86,147.69,0.17,1.91,0.13,3.00,13.02,9.30,0.00
39007,0.81,0.41,1.47,1.54,0.71,0.68,146.64,0.30,2.13,0.96,1.43,0.09,1.00,0.00
39008,0.75,0.36,1.65,3.41,0.66,0.67,135.51,0.06,2.49,1.51,5.67,83.11,12.68,0.00
39010,0.50,0.26,1.52,1.15,0.86,0.88,172.84,0.21,1.00,0.00,0.00,0.44,2.86,0.00
39011,0.69,0.28,1.27,1.32,0.75,0.73,148.24,0.29,1.62,1.56,1.27,0.00,0.00,0.00
39012,1.33,0.71,0.83,0.83,0.78,0.75,170.36,0.69,2.77,0.20,1.29,0.00,0.00,0.00
39014,0.27,0.14,1.56,1.72,0.85,0.89,172.13,0.05,0.64,0.00,0.00,24.09,8.40,0.00
39015,0.79,0.36,1.24,1.21,0.88,0.93,170.33,0.34,1.60,0.00,0.00,0.00,0.00,0.00
39016,0.83,0.38,1.13,1.75,0.83,0.88,161.38,0.31,1.89,0.00,0.00,1.62,14.60,0.00
39017,0.39,0.22,1.96,8.21,0.27,0.16,131.02,0.00,1.96,63.89,4.91,202.45,18.89,0.27
39019,0.65,0.32,1.23,1.56,0.88,0.97,179.04,0.28,1.32,0.00,0.00,0.00,0.00,0.00
39020,1.12,0.48,1.16,2.42,0.81,0.92,155.13,0.32,2.69,0.00,0.00,3.13,23.50,0.00
39021,0.61,0.32,1.42,2.83,0.66,0.66,140.64,0.10,2.01,1.00,2.25,39.69,11.99,0.00
39022,1.10,0.53,1.33,1.40,0.77,0.77,150.82,0.47,2.65,0.53,1.20,0.00,0.00,0.00
39023,0.63,0.30,0.86,1.04,0.92,0.94,185.38,0.31,1.09,0.00,0.00,0.02,1.00,0.00
39025,0.81,0.36,1.68,3.09,0.57,0.52,131.91,0.10,2.85,9.84,1.74,70.09,10.38,0.00
39027,0.32,0.16,1.67,1.78,0.83,0.87,167.44,0.09,0.74,0.42,4.75,3.47,6.00,0.00
39028,0.61,0.27,1.37,1.72,0.85,0.94,163.24,0.23,1.35,0.00,0.00,0.00,0.00,0.00
39029,0.79,0.35,0.74,0.75,0.88,0.88,165.07,0.46,1.37,0.00,0.00,0.00,0.00,0.00
39034,0.78,0.39,1.55,2.91,0.68,0.71,140.20,0.13,2.45,0.27,1.20,36.02,16.21,0.00
39035,0.61,0.26,1.59,4.12,0.70,0.83,142.05,0.01,1.86,0.00,0.00,95.27,21.39,0.05
39036,0.57,0.25,0.45,0.68,0.91,0.92,171.60,0.37,0.84,0.00,0.00,0.00,0.00,0.00
39037,0.57,0.25,1.88,3.33,0.77,0.93,167.30,0.05,1.76,1.05,3.07,55.54,33.68,0.01
39042,0.85,0.41,1.37,3.60,0.69,0.78,138.49,0.08,2.74,0.42,3.00,72.53,22.82,0.00
39049,0.71,0.37,1.44,2.66,0.44,0.33,141.81,0.10,2.65,16.69,1.53,49.08,6.44,0.00
39052,0.73,0.39,1.56,2.45,0.55,0.48,141.40,0.14,2.33,6.11,1.44,20.38,4.39,0.00
39054,0.91,0.41,1.77,4.76,0.33,0.22,123.62,0.04,4.20,38.68,2.60,162.43,9.34,0.01
39056,0.28,0.14,1.19,1.76,0.59,0.53,156.66,0.07,0.83,3.99,1.17,9.33,4.15,0.00
39061,2.02,1.00,1.91,2.43,0.81,0.96,177.76,0.26,5.58,0.00,0.00,33.32,29.86,0.00
39065,0.33,0.17,1.43,1.73,0.88,0.97,194.00,0.04,0.72,0.00,0.00,30.37,45.26,0.01
39069,1.39,0.62,1.81,2.53,0.47,0.39,131.48,0.20,5.58,18.00,1.89,45.85,6.67,0.00
39072,0.73,0.37,1.65,2.18,0.71,0.71,148.51,0.18,2.14,0.08,3.00,1.30,2.35,0.00
39078,0.36,0.14,1.39,2.02,0.72,0.73,149.45,0.08,1.01,2.83,1.63,9.96,4.29,0.00
39081,0.60,0.34,1.66,2.64,0.66,0.64,146.18,0.13,2.02,4.69,2.23,10.53,5.47,0.00
39087,1.46,0.73,1.04,1.70,0.63,0.57,143.24,0.49,4.44,3.96,1.40,0.17,2.33,0.00
39088,0.50,0.24,1.12,1.36,0.90,0.95,187.60,0.16,0.98,0.00,0.00,2.33,8.73,0.00
39095,0.37,0.21,1.50,1.90,0.52,0.44,156.11,0.08,1.21,7.14,1.29,15.06,3.55,0.00
39099,1.31,0.58,1.66,3.50,0.67,0.75,136.61,0.03,4.08,1.33,5.38,88.34,46.19,0.03
39101,0.39,0.17,2.67,3.71,0.74,0.96,177.53,0.04,1.55,25.52,38.95,84.20,57.71,0.00
39105,0.62,0.35,1.82,2.51,0.59,0.56,141.07,0.12,2.36,14.28,4.58,22.75,5.01,0.00
39108,1.01,0.40,1.49,3.48,0.73,0.89,147.56,0.06,2.92,0.12,1.50,75.58,29.25,0.01
39114,0.22,0.11,3.92,3.60,0.81,0.94,189.57,0.00,0.84,3.75,12.86,92.79,82.48,0.14
39120,0.09,0.03,2.33,4.88,0.47,0.44,123.21,0.00,0.47,52.44,5.92,178.64,30.13,0.34
39125,0.12,0.06,-2.40,4.88,0.80,0.91,182.52,0.00,0.48,20.29,13.91,131.34,51.22,0.23
39127,0.24,0.11,1.70,1.79,0.88,0.95,182.68,0.03,0.62,0.00,0.00,29.57,39.44,0.02
39141,0.79,0.33,0.68,1.45,0.70,0.68,150.79,0.29,2.30,1.56,1.65,0.00,0.00,0.00
39142,1.00,0.42,0.84,1.42,0.85,0.94,160.10,0.43,2.12,0.00,0.00,0.00,0.00,0.00
39143,0.95,0.42,1.07,2.46,0.76,0.82,146.05,0.20,2.56,0.00,0.00,14.40,9.60,0.00
39144,0.68,0.36,1.41,2.47,0.72,0.75,148.10,0.14,1.95,1.70,1.55,17.35,6.94,0.00
40003,0.75,0.36,1.37,2.51,0.48,0.41,128.49,0.11,3.03,21.90,3.09,55.06,6.12,0.00
40004,0.99,0.41,1.65,3.77,0.41,0.32,124.56,0.08,4.48,37.41,3.28,143.78,11.79,0.00
40005,0.64,0.33,1.99,4.09,0.33,0.24,117.59,0.02,3.17,51.09,4.45,187.96,20.72,0.00
40006,0.56,0.28,1.87,1.57,0.62,0.58,136.90,0.12,1.60,5.96,1.50,18.21,7.65,0.00
40007,1.00,0.42,1.27,2.76,0.52,0.46,130.20,0.13,3.67,14.77,1.86,61.53,8.76,0.00
40009,0.87,0.38,0.87,1.21,0.56,0.46,149.18,0.15,2.72,6.73,1.59,25.55,5.21,0.00
40010,0.68,0.33,1.93,2.85,0.43,0.35,132.36,0.09,2.78,24.23,2.57,90.85,8.04,0.00
40011,0.80,0.38,1.28,1.73,0.71,0.70,141.36,0.26,2.25,1.18,1.51,0.36,2.29,0.00
40012,0.30,0.15,1.84,2.91,0.73,0.73,156.42,0.01,0.87,0.86,2.92,52.59,15.22,0.02
40013,0.61,0.29,2.05,2.10,0.60,0.54,139.51,0.11,1.82,8.38,2.65,24.99,6.04,0.00
40016,0.36,0.19,1.53,1.60,0.77,0.73,174.71,0.08,0.82,0.31,1.08,14.46,5.22,0.00
40017,1.05,0.42,1.35,2.88,0.49,0.43,128.00,0.14,3.82,16.61,1.71,80.11,9.83,0.00
40018,0.53,0.25,1.58,1.85,0.75,0.74,149.56,0.11,1.34,0.14,1.20,16.87,7.85,0.00
4001,4.86,0.95,1.04,2.01,0.69,0.61,133.07,1.14,11.10,0.10,1.00,2.21,4.19,0.00
40020,1.21,0.49,1.58,2.88,0.51,0.45,133.05,0.16,4.19,13.56,1.73,72.55,8.23,0.00
40021,0.86,0.39,1.52,3.19,0.50,0.44,133.22,0.08,3.28,17.91,1.92,96.31,11.16,0.00
40022,0.91,0.45,1.89,2.53,0.60,0.58,135.87,0.15,3.37,10.94,3.98,42.81,7.32,0.00
40033,0.84,0.35,0.88,1.92,0.86,0.96,186.22,0.20,1.88,0.00,0.00,10.79,11.18,0.00
4003,2.68,0.68,1.15,2.63,0.53,0.43,131.12,0.42,8.56,4.60,1.48,37.20,9.96,0.00
4005,4.85,0.78,1.03,3.51,0.41,0.25,132.10,0.41,17.56,11.46,1.33,85.66,6.76,0.00
4006,5.14,0.81,1.09,3.58,0.43,0.28,129.00,0.41,17.68,8.37,1.43,86.59,7.51,0.00
41001,1.15,0.50,1.84,3.82,0.37,0.30,116.62,0.07,4.53,30.56,2.61,153.09,14.88,0.00
41003,0.85,0.37,2.06,4.20,0.36,0.25,122.61,0.05,3.43,41.17,3.22,165.02,10.57,0.00
41004,0.56,0.25,1.47,2.78,0.52,0.41,144.07,0.06,2.27,17.36,2.22,87.08,6.71,0.00
41005,1.06,0.45,1.47,2.60,0.55,0.49,130.02,0.19,3.58,12.20,2.01,28.76,5.52,0.00
41006,1.11,0.48,1.57,2.72,0.48,0.41,124.18,0.16,3.85,16.27,1.78,72.97,7.79,0.00
41009,1.02,0.40,1.14,2.03,0.66,0.64,132.28,0.25,3.59,0.62,1.71,5.76,3.61,0.00
41011,1.31,0.50,1.28,1.62,0.69,0.67,137.11,0.38,3.60,2.03,1.20,1.54,23.00,0.00
41012,1.23,0.53,1.75,2.84,0.42,0.34,119.91,0.15,4.85,23.72,2.24,102.59,8.78,0.00
41013,0.97,0.42,1.85,3.60,0.43,0.35,120.47,0.09,3.98,26.67,2.23,131.50,14.20,0.00
41014,0.89,0.39,1.93,3.71,0.38,0.30,117.16,0.06,4.40,34.72,3.35,141.02,14.92,0.00
41016,1.01,0.41,2.00,3.78,0.46,0.40,120.49,0.07,3.85,20.47,2.00,121.74,13.44,0.00
41019,1.01,0.45,1.34,3.48,0.41,0.32,121.40,0.09,4.01,26.74,2.36,124.78,11.21,0.00
41020,1.17,0.46,1.86,4.02,0.37,0.28,116.16,0.06,5.36,37.11,2.58,155.11,16.01,0.00
41022,1.01,0.41,1.44,3.47,0.43,0.34,119.76,0.09,4.16,25.00,2.16,122.85,13.29,0.00
41023,0.33,0.12,3.14,NaN,0.61,0.83,155.90,0.00,1.50,167.98,139.44,219.36,209.21,0.54
41025,1.11,0.48,1.54,4.32,0.31,0.22,115.82,0.04,5.04,41.75,3.20,178.52,17.99,0.00
41027,1.26,0.49,1.15,1.91,0.62,0.59,131.02,0.36,3.63,6.02,1.37,0.68,5.80,0.00
41028,0.95,0.40,1.33,3.24,0.46,0.39,122.78,0.07,3.96,22.71,2.17,107.54,12.70,0.00
41029,0.98,0.41,1.56,3.77,0.44,0.38,120.16,0.06,3.88,23.36,2.23,127.10,15.88,0.00
42001,0.48,0.20,1.31,3.80,0.48,0.42,123.49,0.02,1.94,22.83,2.10,122.43,10.40,0.00
42003,0.94,0.38,1.44,3.84,0.43,0.34,123.49,0.05,3.92,21.86,1.82,117.69,12.50,0.00
42004,0.89,0.40,0.84,1.20,0.89,0.94,165.11,0.47,1.72,0.00,0.00,0.00,0.00,0.00
42006,1.10,0.42,1.63,2.61,0.80,0.93,156.67,0.21,2.85,0.22,2.00,18.70,12.35,0.00
42008,0.78,0.31,1.07,1.43,0.87,0.96,162.22,0.32,1.54,0.00,0.00,0.00,0.00,0.00
42010,1.40,0.59,0.99,1.06,0.90,0.96,167.11,0.75,2.45,0.00,0.00,0.00,0.00,0.00
42011,0.77,0.32,1.34,2.06,0.69,0.66,152.64,0.18,2.25,3.11,1.15,11.82,7.17,0.00
42016,1.61,0.67,0.77,0.88,0.92,0.98,173.35,0.97,2.61,0.00,0.00,0.00,0.00,0.00
42017,1.21,0.53,1.83,2.46,0.50,0.44,147.69,0.12,4.54,14.02,1.85,65.10,5.67,0.00
42024,1.03,0.45,1.27,1.05,0.90,0.97,171.00,0.54,1.98,0.00,0.00,0.00,0.00,0.00
42026,0.85,0.37,2.65,2.71,0.76,0.91,152.75,0.03,2.70,4.16,9.29,81.96,35.58,0.00
42027,0.78,0.34,0.97,1.40,0.85,0.96,155.06,0.26,1.78,0.00,0.00,0.00,0.00,0.00
43005,0.94,0.44,1.12,1.96,0.82,0.91,156.93,0.29,2.28,0.04,2.00,2.42,27.25,0.00
43006,1.15,0.46,1.46,2.02,0.76,0.81,145.11,0.36,3.01,0.24,1.10,0.62,2.80,0.00
43007,1.12,0.46,2.06,2.94,0.64,0.64,131.56,0.19,3.80,5.50,2.26,41.29,12.79,0.00
43008,0.78,0.33,1.61,2.18,0.78,0.89,155.93,0.21,2.13,0.58,5.20,2.36,10.60,0.00
43009,1.11,0.46,1.76,3.63,0.43,0.34,117.22,0.11,4.86,31.11,2.66,124.38,15.46,0.00
43014,0.84,0.38,1.02,1.08,0.86,0.89,161.43,0.44,1.64,0.00,0.00,0.00,0.00,0.00
43017,0.71,0.33,1.46,2.73,0.68,0.70,138.61,0.12,2.21,4.16,2.20,35.65,12.35,0.00
43018,1.00,0.41,1.58,2.98,0.76,0.91,143.85,0.18,2.90,0.61,3.13,27.11,16.55,0.00
43021,1.02,0.44,1.23,1.99,0.78,0.86,149.66,0.31,2.76,0.10,4.00,2.16,22.00,0.00
44001,1.37,0.49,1.39,1.89,0.80,0.86,147.76,0.51,3.22,0.00,0.00,0.56,12.50,0.00
44002,1.16,0.43,1.51,2.08,0.80,0.90,148.93,0.36,3.03,0.00,0.00,1.40,6.30,0.00
44006,1.39,0.46,1.44,1.93,0.80,0.87,150.40,0.47,3.38,0.00,0.00,0.02,1.00,0.00
44009,3.62,1.42,1.41,2.08,0.81,0.95,161.17,1.06,9.51,0.02,1.00,1.94,5.57,0.00
44011,1.22,0.44,1.05,1.67,0.67,0.64,140.30,0.39,3.34,2.96,1.21,0.00,0.00,0.00
45001,2.31,0.65,1.64,3.10,0.54,0.50,118.96,0.28,7.62,6.16,1.94,62.58,11.54,0.00
45003,1.45,0.53,1.39,1.88,0.59,0.54,129.96,0.38,4.57,5.09,1.29,1.71,9.63,0.00
45004,1.59,0.55,1.58,2.08,0.55,0.49,127.42,0.37,5.45,9.93,1.44,5.27,6.41,0.00
45005,1.37,0.50,1.23,1.66,0.59,0.53,131.58,0.41,4.30,6.87,1.29,1.53,11.50,0.00
45009,2.62,0.66,1.43,2.92,0.56,0.52,121.36,0.46,8.59,5.29,2.29,27.02,9.89,0.00
45012,1.19,0.48,1.38,3.56,0.51,0.45,119.42,0.10,4.53,17.11,2.24,101.11,14.52,0.00
46003,3.87,0.75,1.31,2.72,0.56,0.51,122.73,0.53,12.20,4.20,1.23,50.62,11.17,0.00
46005,4.91,0.80,1.22,2.57,0.52,0.45,124.56,0.77,16.03,7.20,1.14,38.36,10.52,0.00
46008,3.09,0.69,1.38,2.99,0.56,0.50,128.47,0.42,9.97,5.20,1.42,56.51,13.03,0.00
46014,2.02,0.56,1.39,2.76,0.56,0.50,131.67,0.24,6.58,6.97,1.76,59.38,10.95,0.00
47001,2.13,0.62,1.43,3.39,0.53,0.47,113.24,0.21,7.68,9.56,1.60,81.91,14.69,0.00
47004,2.84,0.70,1.33,2.82,0.59,0.58,119.40,0.39,9.58,2.84,1.56,56.25,12.85,0.00
47005,2.20,0.63,1.43,3.63,0.47,0.41,110.37,0.11,8.49,17.01,1.79,104.54,16.10,0.00
47008,1.78,0.56,1.65,3.12,0.51,0.43,115.07,0.12,6.34,10.67,1.61,78.07,11.12,0.00
47009,2.29,0.63,1.25,3.10,0.59,0.58,121.56,0.30,7.65,3.02,2.31,56.93,12.03,0.00
47011,2.70,0.58,1.73,2.81,0.55,0.49,138.44,0.38,8.99,7.25,1.44,46.48,9.91,0.00
47014,3.65,0.76,1.29,2.33,0.61,0.58,132.18,0.70,10.43,2.57,1.14,21.29,13.35,0.00
47018,2.06,0.64,1.63,3.97,0.46,0.37,112.00,0.07,7.89,17.72,1.72,110.89,13.54,0.00
48003,1.97,0.58,1.45,2.18,0.68,0.67,131.00,0.43,5.63,1.02,1.31,11.68,3.76,0.00
48004,2.96,0.73,1.09,2.19,0.69,0.69,127.07,0.68,8.00,0.58,1.08,9.56,7.82,0.00
48005,1.71,0.56,1.34,3.00,0.64,0.66,122.13,0.25,5.36,2.67,2.07,52.31,9.69,0.00
48011,2.43,0.60,1.22,2.87,0.63,0.61,122.29,0.43,7.44,1.76,1.46,25.33,7.35,0.00
49001,2.44,0.65,1.36,2.66,0.64,0.64,122.11,0.40,7.11,1.22,1.17,35.33,9.94,0.00
49002,1.76,0.59,1.43,2.46,0.74,0.83,135.53,0.41,4.85,0.18,2.67,6.36,10.96,0.00
49004,1.52,0.53,1.34,3.05,0.65,0.66,123.02,0.19,4.76,2.84,1.45,59.36,11.22,0.00
50001,1.88,0.58,1.62,3.68,0.50,0.43,112.00,0.12,6.88,11.04,2.04,95.80,16.21,0.00
50002,2.05,0.61,1.45,3.87,0.47,0.38,110.62,0.11,7.89,16.96,1.87,107.27,14.58,0.00
50006,2.36,0.64,1.51,3.19,0.53,0.48,114.60,0.22,7.85,5.69,1.84,71.58,12.58,0.00
50007,2.21,0.63,1.46,3.21,0.52,0.46,114.95,0.21,8.00,10.98,1.57,81.58,13.02,0.00
50008,2.00,0.58,1.66,4.03,0.42,0.33,113.68,0.05,7.98,23.04,1.92,122.00,14.45,0.01
50011,2.85,0.67,1.47,3.14,0.53,0.46,121.82,0.39,9.59,8.76,1.45,58.47,10.51,0.00
5003,5.67,0.86,1.06,2.28,0.69,0.59,136.48,1.54,13.42,0.30,1.14,2.67,3.60,0.00
51001,1.21,0.46,1.72,2.53,0.66,0.66,132.78,0.22,3.75,3.80,2.21,28.06,9.30,0.00
52004,1.40,0.55,1.30,2.23,0.56,0.50,125.56,0.30,4.68,8.45,1.41,9.78,5.12,0.00
52005,1.29,0.47,1.79,2.51,0.62,0.60,129.00,0.25,4.07,4.58,1.58,21.62,6.76,0.00
52006,1.02,0.41,1.98,3.10,0.50,0.43,120.64,0.14,3.83,16.64,1.92,77.45,8.69,0.00
52007,1.43,0.56,1.89,2.62,0.47,0.41,119.62,0.20,6.31,22.60,2.19,63.00,10.23,0.00
52009,1.63,0.60,1.36,2.27,0.68,0.67,139.04,0.40,4.36,0.13,1.00,4.16,3.70,0.00
52010,1.21,0.50,1.96,3.02,0.54,0.48,125.98,0.16,4.39,10.42,1.49,69.12,11.00,0.00
52011,0.85,0.41,2.53,4.51,0.45,0.38,122.24,0.05,3.80,28.84,3.18,143.49,24.93,0.00
52015,1.04,0.40,1.33,2.56,0.67,0.67,141.53,0.22,2.98,2.64,1.56,12.75,3.85,0.00
52016,1.17,0.44,1.44,2.10,0.71,0.71,143.62,0.32,3.21,1.22,1.54,1.17,8.67,0.00
53005,1.38,0.51,1.47,2.46,0.63,0.62,128.84,0.26,4.30,2.88,1.36,25.25,7.03,0.00
53006,1.00,0.44,1.85,3.06,0.45,0.36,122.07,0.10,4.03,19.67,2.35,87.30,7.27,0.00
53007,1.26,0.46,1.61,2.63,0.57,0.52,127.71,0.20,4.29,7.13,1.41,43.07,7.98,0.00
53008,0.96,0.42,1.81,3.68,0.58,0.57,124.27,0.10,3.37,8.80,2.30,90.49,17.25,0.00
53009,1.53,0.55,1.65,2.59,0.63,0.62,129.33,0.28,4.72,1.91,1.43,26.50,7.54,0.00
53013,1.07,0.51,1.94,2.35,0.66,0.64,139.40,0.22,3.27,3.58,1.32,14.71,6.13,0.00
53017,1.02,0.44,1.68,3.40,0.50,0.44,122.31,0.09,3.81,14.98,1.89,90.59,9.49,0.00
53018,1.11,0.48,1.69,3.45,0.57,0.53,125.09,0.14,3.93,11.49,2.61,70.31,12.03,0.00
53022,1.11,0.46,1.19,2.82,0.60,0.56,134.10,0.20,3.62,5.97,2.05,33.46,6.19,0.00
53023,1.11,0.46,1.82,3.84,0.62,0.64,125.92,0.14,3.59,3.93,3.23,81.13,23.08,0.00
53028,1.41,0.57,1.61,3.17,0.62,0.64,126.15,0.20,4.31,3.17,3.15,56.12,16.47,0.00
54001,1.18,0.46,1.49,2.87,0.58,0.55,124.11,0.21,3.88,2.22,2.63,37.49,6.72,0.00
54002,0.66,0.36,1.90,1.99,0.58,0.53,142.31,0.16,2.21,7.84,2.45,3.78,6.07,0.00
54003,2.45,0.44,1.93,2.42,0.45,0.38,124.31,0.35,9.02,31.79,4.00,53.87,6.08,0.00
54004,1.05,0.57,0.96,1.21,0.68,0.62,158.76,0.47,2.69,1.82,1.38,0.00,0.00,0.00
54005,1.88,0.59,1.38,3.07,0.54,0.48,118.38,0.27,6.53,5.40,2.86,62.89,9.10,0.00
54007,0.78,0.40,1.38,1.65,0.59,0.54,143.71,0.22,2.36,6.44,1.49,2.34,6.18,0.00
54008,1.11,0.47,1.83,3.02,0.58,0.56,126.87,0.12,4.03,6.96,2.20,70.29,19.77,0.00
54011,0.61,0.32,1.68,1.61,0.62,0.58,147.59,0.17,1.81,6.42,1.65,1.31,5.33,0.00
54012,0.67,0.35,1.36,1.63,0.71,0.70,143.29,0.23,1.80,0.31,1.56,1.05,4.27,0.00
54015,0.62,0.34,2.01,2.90,0.44,0.37,136.59,0.06,2.62,23.75,2.65,101.02,12.65,0.00
54016,0.62,0.32,1.81,2.62,0.64,0.63,138.62,0.13,2.10,2.84,2.37,14.00,8.41,0.00
54017,0.64,0.33,1.82,2.84,0.51,0.48,133.69,0.09,2.46,15.62,2.88,64.83,12.59,0.00
54018,0.85,0.40,1.43,3.10,0.56,0.52,129.39,0.12,3.04,9.89,2.02,58.46,10.61,0.00
54019,0.64,0.35,2.07,2.59,0.55,0.50,136.31,0.12,2.22,9.71,2.14,21.71,5.28,0.00
54020,0.72,0.35,1.54,2.32,0.67,0.66,136.96,0.18,2.19,2.11,1.83,5.16,10.09,0.00
54022,5.41,0.75,1.16,2.74,0.45,0.35,121.75,0.67,19.31,11.08,1.32,57.83,9.27,0.00
54024,0.40,0.21,1.53,1.68,0.72,0.70,150.13,0.11,0.99,0.69,1.72,4.80,5.68,0.00
54025,2.28,0.65,1.20,3.66,0.48,0.40,112.02,0.09,8.43,9.87,1.73,97.09,13.12,0.00
54027,1.14,0.48,1.06,1.65,0.80,0.88,154.93,0.36,2.64,0.02,1.00,1.65,14.80,0.00
54028,2.38,0.63,1.45,3.16,0.51,0.44,116.56,0.26,8.16,8.02,1.82,71.58,9.85,0.00
54029,1.06,0.46,1.69,3.01,0.58,0.56,129.18,0.12,3.65,6.98,2.17,66.38,18.91,0.00
54032,1.10,0.46,1.77,2.76,0.60,0.58,127.73,0.19,3.61,0.36,1.78,29.20,7.82,0.00
54034,0.73,0.36,1.85,3.56,0.47,0.40,137.02,0.06,2.89,19.84,2.61,109.15,13.60,0.00
54036,0.62,0.32,1.82,2.97,0.59,0.56,140.27,0.09,2.00,7.91,1.59,54.09,9.53,0.00
54038,2.39,0.66,1.15,3.14,0.53,0.48,122.93,0.22,8.28,5.82,1.74,72.44,13.21,0.00
54044,0.77,0.37,0.95,1.17,0.78,0.77,151.74,0.37,1.62,0.35,1.25,0.00,0.00,0.00
54048,0.57,0.32,1.88,3.40,0.49,0.42,140.97,0.05,2.12,17.83,2.26,102.94,13.03,0.00
54049,0.51,0.28,1.53,3.17,0.47,0.38,136.78,0.07,2.00,22.79,2.91,82.52,6.60,0.00
54052,0.90,0.46,1.03,2.27,0.73,0.72,143.24,0.24,2.42,1.78,1.54,3.76,6.04,0.00
54057,0.94,0.42,1.65,2.61,0.60,0.58,133.93,0.18,3.20,0.88,4.33,23.77,6.22,0.00
54060,0.56,0.30,0.87,1.46,0.67,0.66,151.70,0.17,1.42,5.19,2.04,5.00,7.04,0.00
54063,0.99,0.49,1.03,1.35,0.64,0.60,166.24,0.33,2.39,2.92,1.15,0.00,0.00,0.00
54080,3.36,0.71,1.01,2.20,0.54,0.47,125.68,0.50,10.91,2.66,1.45,35.32,5.73,0.00
54095,1.39,0.52,1.54,2.78,0.58,0.55,125.69,0.27,4.67,3.96,2.91,21.88,4.29,0.00
54096,0.53,0.28,1.44,1.84,0.61,0.58,140.89,0.12,1.45,6.89,1.71,7.18,3.41,0.00
55002,2.28,0.66,1.39,2.75,0.53,0.46,119.22,0.30,7.89,7.42,1.76,52.12,11.27,0.00
55007,2.59,0.66,1.41,3.24,0.50,0.41,116.11,0.31,9.02,8.29,1.57,80.32,10.57,0.00
55008,5.80,0.82,1.05,3.07,0.43,0.31,123.32,0.58,20.48,10.92,1.27,69.00,7.84,0.00
55013,1.61,0.58,1.39,2.86,0.58,0.56,124.44,0.18,5.28,4.71,1.83,65.36,16.71,0.00
55014,1.67,0.59,1.18,2.78,0.64,0.65,129.44,0.27,5.11,2.64,2.25,38.89,16.83,0.00
55016,1.96,0.64,1.45,3.66,0.47,0.39,114.51,0.08,7.37,12.42,1.72,104.10,15.63,0.00
55018,0.70,0.35,1.54,2.70,0.56,0.52,135.13,0.09,2.47,11.01,1.81,54.20,11.83,0.00
55021,1.40,0.56,1.41,2.99,0.64,0.66,131.26,0.22,4.20,3.62,2.57,40.08,19.36,0.00
55023,1.60,0.56,1.61,2.72,0.58,0.54,124.64,0.23,5.40,3.71,2.29,46.96,12.21,0.00
55025,1.51,0.54,1.39,3.43,0.58,0.57,120.58,0.11,5.02,5.91,1.57,86.32,17.16,0.00
55026,3.51,0.76,1.23,3.00,0.48,0.39,116.22,0.26,12.00,6.91,1.42,74.78,10.01,0.00
55029,1.48,0.54,1.43,2.89,0.54,0.51,125.38,0.15,5.02,10.42,1.65,73.67,17.92,0.00
55032,2.25,0.44,2.02,2.87,0.41,0.32,122.47,0.32,10.23,34.10,3.26,123.00,17.51,0.00
56001,2.72,0.71,1.55,2.58,0.56,0.52,120.64,0.43,9.04,5.36,1.50,41.51,11.46,0.00
56002,3.05,0.72,1.44,2.28,0.58,0.54,125.52,0.54,9.82,3.82,1.48,27.05,7.00,0.00
56007,4.64,0.82,1.30,2.83,0.46,0.37,121.49,0.46,16.89,11.35,1.34,70.44,10.59,0.00
56012,2.15,0.62,1.27,2.58,0.61,0.59,133.40,0.34,6.57,1.60,1.25,35.81,12.85,0.00
56013,2.61,0.72,1.29,3.14,0.53,0.46,120.11,0.26,8.81,5.69,1.41,72.35,13.91,0.00
57004,3.72,0.73,1.21,2.80,0.48,0.39,117.27,0.46,13.80,13.16,1.65,64.53,10.23,0.00
57005,3.97,0.75,1.39,2.44,0.52,0.45,121.87,0.71,14.14,9.80,1.55,30.18,7.80,0.00
57006,4.94,0.77,1.27,2.77,0.49,0.40,121.04,0.66,17.32,8.74,1.43,50.20,8.59,0.00
57007,3.09,0.63,1.38,2.38,0.52,0.46,124.65,0.61,10.83,10.87,1.61,19.00,8.67,0.00
57008,2.66,0.66,1.52,2.78,0.53,0.48,123.35,0.35,9.12,7.95,1.52,52.33,8.60,0.00
57009,2.76,0.70,1.42,2.72,0.54,0.47,122.07,0.37,9.14,5.08,1.34,50.43,8.35,0.00
58001,3.68,0.73,1.17,2.66,0.54,0.47,126.02,0.54,11.28,2.89,1.33,38.49,8.13,0.00
58002,4.50,0.81,1.22,3.37,0.44,0.34,127.00,0.42,16.43,13.69,1.45,78.51,11.01,0.00
58006,4.34,0.77,1.21,3.52,0.46,0.36,122.05,0.50,15.08,11.51,1.40,69.01,11.41,0.00
58008,4.09,0.79,1.28,3.03,0.47,0.37,124.30,0.51,14.33,9.95,1.32,62.45,8.66,0.00
58009,2.54,0.67,1.30,2.18,0.61,0.56,128.34,0.56,7.32,2.16,1.19,10.66,7.09,0.00
58010,4.89,0.83,1.15,4.03,0.32,0.19,132.26,0.28,21.33,35.36,1.61,135.32,8.47,0.00
58012,5.00,0.84,1.26,2.56,0.52,0.45,131.05,0.86,16.12,4.99,1.26,28.80,9.60,0.00
59001,4.81,0.89,1.28,2.92,0.47,0.37,126.69,0.62,16.63,9.30,1.26,56.37,9.37,0.00
60002,3.40,0.77,1.21,3.24,0.50,0.43,114.64,0.28,11.24,6.51,1.49,72.55,11.78,0.00
60003,3.05,0.76,1.30,2.82,0.58,0.55,113.64,0.34,9.62,3.87,1.35,58.93,12.05,0.00
60005,3.22,0.76,1.18,3.25,0.49,0.42,115.02,0.18,10.83,7.67,1.72,81.01,11.45,0.00
60006,3.35,0.74,1.61,2.94,0.54,0.48,115.49,0.33,10.80,4.80,1.38,63.82,12.94,0.00
60010,3.15,0.73,1.32,3.13,0.53,0.46,116.73,0.33,10.52,4.49,1.57,61.86,10.04,0.00
60012,3.14,0.73,0.85,3.38,0.46,0.35,113.47,0.19,11.08,8.47,1.35,88.78,8.80,0.00
6007,4.27,0.82,1.21,2.00,0.65,0.60,135.41,0.96,11.52,0.23,1.43,11.28,5.72,0.00
6008,2.66,0.69,1.24,3.69,0.42,0.30,114.97,0.08,10.29,16.72,1.90,105.13,13.17,0.00
61001,2.51,0.71,1.18,2.73,0.65,0.64,120.34,0.35,7.34,1.02,1.07,42.45,9.88,0.00
61002,2.94,0.72,1.18,2.59,0.61,0.56,118.62,0.54,8.84,2.92,1.22,27.76,7.17,0.00
62001,2.84,0.74,1.15,3.05,0.57,0.54,113.62,0.31,8.78,2.73,1.84,58.85,14.09,0.00
63001,3.11,0.74,1.39,2.88,0.50,0.40,115.84,0.30,10.55,6.75,1.47,64.86,10.55,0.00
63004,5.40,0.93,0.98,3.19,0.43,0.31,131.19,0.49,19.14,8.94,1.33,73.22,8.01,0.00
64001,4.44,0.85,1.26,2.98,0.49,0.40,122.57,0.41,14.68,6.92,1.43,65.45,10.08,0.00
64002,5.09,0.84,1.04,2.55,0.55,0.46,126.11,0.72,15.08,2.72,1.31,38.29,10.09,0.00
64006,2.92,0.67,1.09,2.61,0.57,0.51,126.39,0.38,8.45,1.82,1.38,41.50,9.51,0.00
65001,7.49,0.93,1.03,2.79,0.45,0.32,130.96,0.73,25.11,5.87,1.14,59.47,7.29,0.00
65004,4.26,0.72,1.23,2.86,0.52,0.42,126.69,0.56,13.02,2.02,1.21,51.56,9.77,0.00
65005,2.68,0.66,1.32,2.45,0.59,0.53,121.14,0.44,8.19,2.90,1.23,34.76,7.28,0.00
65006,5.41,0.87,1.27,2.77,0.52,0.41,136.80,0.72,16.98,2.20,1.25,41.43,7.68,0.00
65007,4.43,0.78,1.47,2.74,0.50,0.39,130.88,0.52,14.12,4.21,1.13,48.20,8.15,0.00
65008,10.07,1.05,0.87,3.52,0.37,0.22,133.44,0.84,38.22,15.02,1.25,95.19,6.22,0.00
66001,1.34,0.52,1.15,2.85,0.61,0.59,121.04,0.21,4.31,2.71,1.91,43.67,10.80,0.00
66004,1.01,0.42,1.08,1.89,0.78,0.82,146.78,0.33,2.29,0.16,3.50,0.00,0.00,0.00
66006,1.95,0.59,1.07,3.62,0.52,0.46,111.48,0.16,6.73,7.44,1.70,92.80,13.28,0.00
66011,4.82,0.83,1.36,3.37,0.41,0.29,119.00,0.34,17.65,13.49,1.34,87.89,7.77,0.00
67001,4.34,0.82,1.22,2.20,0.59,0.54,125.40,1.03,12.63,2.04,1.72,6.52,3.99,0.00
67005,2.39,0.70,1.16,2.83,0.57,0.54,121.08,0.32,7.59,3.54,1.69,53.24,12.20,0.00
67006,2.34,0.64,1.30,2.72,0.55,0.49,118.91,0.31,7.59,5.20,1.65,50.76,9.64,0.00
67008,0.89,0.35,1.30,2.87,0.60,0.57,127.51,0.17,2.84,5.44,1.86,20.42,5.34,0.00
67010,4.76,0.83,1.00,3.29,0.38,0.26,118.00,0.45,19.29,22.07,1.40,93.88,8.64,0.00
67015,2.66,0.69,1.11,2.80,0.60,0.56,123.20,0.73,7.88,1.76,1.65,0.53,4.00,0.00
67018,5.07,0.88,1.08,3.36,0.40,0.28,119.67,0.40,19.40,16.16,1.35,89.25,8.08,0.00
67025,1.12,0.47,1.31,2.01,0.61,0.57,135.55,0.27,3.40,4.45,1.37,7.17,5.94,0.00
67033,1.64,0.51,1.49,3.49,0.54,0.50,119.30,0.25,5.71,5.06,3.88,71.83,7.18,0.00
68001,0.77,0.39,1.12,2.19,0.61,0.56,132.78,0.19,2.39,3.78,1.67,5.92,7.16,0.00
68003,1.06,0.46,1.75,2.38,0.60,0.53,132.87,0.21,3.25,3.34,1.39,20.53,6.11,0.00
68004,0.79,0.39,1.15,1.91,0.65,0.60,138.80,0.21,2.09,2.22,1.32,4.69,3.20,0.00
68005,0.67,0.34,1.53,3.33,0.60,0.57,127.24,0.09,2.25,5.45,1.73,53.30,9.98,0.00
68020,0.65,0.33,1.51,2.28,0.56,0.49,139.57,0.14,2.13,9.95,1.71,18.01,6.19,0.00
69002,2.63,0.76,1.10,1.95,0.58,0.50,131.60,0.82,7.76,3.23,1.16,0.27,3.00,0.00
69007,1.78,0.57,1.43,2.00,0.62,0.56,137.25,0.51,4.97,1.93,1.29,1.30,3.40,0.00
69012,1.59,0.61,1.18,1.65,0.67,0.61,142.60,0.58,4.10,0.65,1.04,0.00,0.00,0.00
69015,1.90,0.52,1.74,2.42,0.59,0.52,132.16,0.46,5.82,4.49,1.42,7.51,3.75,0.00
69017,1.75,0.55,1.49,2.56,0.59,0.53,124.85,0.37,5.30,2.98,1.40,14.43,6.26,0.00
69023,2.23,0.65,1.17,1.96,0.60,0.53,131.25,0.67,6.44,2.99,1.18,0.03,1.00,0.00
69027,2.41,0.72,1.20,1.73,0.62,0.55,135.57,0.78,6.65,2.07,1.13,3.53,6.25,0.00
69030,1.49,0.59,1.06,1.91,0.61,0.53,130.79,0.43,4.25,2.25,1.24,0.90,1.94,0.00
69032,1.26,0.52,0.96,1.83,0.61,0.54,137.47,0.46,3.51,1.82,1.21,0.00,0.00,0.00
69043,2.58,0.90,0.34,1.14,0.66,0.60,165.24,1.17,6.39,1.08,1.05,0.00,0.00,0.00
70002,1.92,0.67,1.19,1.99,0.60,0.52,138.65,0.51,5.47,2.07,1.19,6.00,3.51,0.00
7001,2.97,0.87,1.04,2.66,0.48,0.35,136.91,0.41,10.02,6.60,1.29,48.56,7.12,0.00
7002,2.21,0.74,1.19,2.58,0.50,0.39,140.07,0.36,7.09,5.07,1.30,36.36,7.94,0.00
7003,1.07,0.45,1.42,1.80,0.60,0.55,147.89,0.30,2.99,3.93,1.53,2.02,6.07,0.00
7005,1.53,0.61,1.15,2.46,0.50,0.41,150.59,0.28,4.81,7.26,1.51,24.85,9.81,0.00
7006,1.58,0.56,0.90,1.81,0.54,0.46,159.07,0.45,4.60,6.31,1.55,0.32,4.50,0.00
71001,2.51,0.67,1.32,3.10,0.46,0.34,119.44,0.35,9.06,11.02,1.40,60.42,7.04,0.00
71004,2.34,0.70,1.41,2.39,0.52,0.42,124.12,0.53,7.73,7.69,1.29,4.57,4.62,0.00
71006,2.65,0.72,1.43,3.41,0.43,0.31,117.91,0.22,9.99,14.87,1.50,87.18,9.32,0.00
71008,2.93,0.64,1.45,3.09,0.43,0.32,121.60,0.36,10.88,14.91,1.40,73.05,8.19,0.00
71014,2.46,0.73,1.15,2.00,0.54,0.45,130.68,0.72,7.55,5.47,1.16,0.03,1.00,0.00
72002,2.12,0.61,1.62,3.22,0.43,0.32,117.96,0.20,8.05,16.18,1.46,88.13,8.58,0.00
72004,3.18,0.75,1.32,3.25,0.44,0.32,119.93,0.28,11.50,11.86,1.39,75.72,8.48,0.00
72005,4.00,0.85,1.25,3.14,0.43,0.33,122.64,0.36,14.66,14.26,1.48,75.53,8.90,0.00
72007,2.33,0.60,1.58,3.14,0.45,0.35,127.16,0.21,8.17,11.19,1.25,78.91,8.84,0.00
72009,2.72,0.74,1.46,3.65,0.39,0.27,115.33,0.18,10.66,21.47,1.62,111.10,9.87,0.00
72014,2.03,0.60,1.61,3.19,0.46,0.36,118.85,0.20,7.24,11.77,1.35,78.40,8.83,0.00
72015,4.01,0.84,1.13,3.15,0.42,0.32,121.28,0.34,15.01,13.88,1.42,84.86,9.30,0.00
73005,3.82,0.78,1.26,2.96,0.50,0.40,121.71,0.48,12.32,5.82,1.30,53.42,9.58,0.00
73009,4.96,0.84,1.20,3.23,0.44,0.33,122.08,0.44,17.51,8.68,1.28,73.01,8.49,0.00
73010,4.96,0.79,1.17,3.19,0.54,0.47,121.02,0.44,14.58,0.62,2.00,63.29,11.48,0.00
73011,3.33,0.74,1.33,3.25,0.48,0.38,119.13,0.27,11.17,7.42,1.36,73.79,9.30,0.00
73014,7.57,0.92,1.09,3.63,0.39,0.26,125.03,0.52,27.84,13.34,1.33,96.95,8.15,0.00
73015,1.84,0.59,1.61,3.04,0.45,0.37,119.90,0.18,6.70,15.30,1.56,80.34,11.85,0.00
74001,5.19,0.82,1.39,3.56,0.43,0.29,128.69,0.46,17.74,8.07,1.16,79.20,7.13,0.00
74005,3.52,0.71,1.33,2.76,0.53,0.44,125.76,0.64,10.94,3.82,1.22,25.52,6.28,0.00
74006,3.70,0.73,1.19,2.46,0.51,0.41,133.55,0.64,11.71,4.25,1.14,27.86,6.62,0.00
74007,5.61,0.86,1.36,3.13,0.44,0.31,132.55,0.56,19.00,7.22,1.19,65.60,7.16,0.00
75003,4.13,0.71,1.40,2.80,0.55,0.51,119.09,0.50,12.57,1.33,2.31,48.40,16.25,0.00
75004,4.08,0.73,1.12,3.07,0.51,0.43,118.82,0.49,13.04,3.82,1.45,63.82,12.07,0.00
75017,2.00,0.63,1.49,2.73,0.56,0.50,116.75,0.26,6.23,5.19,1.30,54.45,9.65,0.00
76003,3.33,0.66,1.48,2.67,0.55,0.50,120.67,0.49,10.42,4.76,1.84,38.86,13.19,0.00
76005,2.09,0.65,1.43,2.86,0.47,0.37,117.00,0.27,7.53,12.53,1.55,63.33,9.56,0.00
76007,2.02,0.61,1.34,2.49,0.56,0.48,121.49,0.37,6.31,4.47,1.49,25.92,9.04,0.00
76008,2.05,0.68,1.49,3.05,0.44,0.32,129.42,0.27,7.28,11.72,1.30,62.69,8.82,0.00
76011,2.39,0.71,0.22,4.01,0.32,0.18,127.11,0.05,10.07,26.02,1.52,122.13,8.01,0.05
76014,3.41,0.81,1.22,3.48,0.38,0.26,118.26,0.22,13.45,21.54,1.55,107.03,9.26,0.00
77002,3.15,0.74,1.07,2.96,0.49,0.38,124.64,0.38,10.61,6.71,1.30,59.87,9.98,0.00
77003,2.88,0.76,0.94,3.17,0.43,0.31,123.81,0.30,10.62,13.76,1.29,78.76,9.11,0.00
77004,2.24,0.64,1.40,3.66,0.41,0.29,127.43,0.17,8.49,16.39,1.33,99.50,9.54,0.00
78003,2.91,0.75,1.19,3.00,0.52,0.43,123.09,0.35,9.41,4.29,1.26,61.42,10.88,0.00
78004,3.32,0.78,1.40,3.74,0.39,0.27,119.09,0.16,12.99,18.87,1.42,106.11,9.44,0.00
78006,3.63,0.77,1.05,2.86,0.50,0.42,121.97,0.46,11.95,5.65,1.28,52.52,8.89,0.00
79002,3.13,0.74,1.31,3.21,0.50,0.40,117.00,0.31,10.68,5.76,1.28,71.31,10.88,0.00
79003,3.41,0.77,1.34,3.88,0.41,0.28,111.89,0.20,13.17,17.98,1.64,107.40,9.35,0.00
79004,3.56,0.75,1.17,3.60,0.43,0.32,116.56,0.20,13.15,12.31,1.29,92.58,9.34,0.00
79005,3.03,0.73,1.18,3.46,0.48,0.38,115.36,0.19,10.67,8.76,1.30,82.85,11.72,0.00
79006,3.25,0.76,1.30,3.41,0.46,0.35,113.91,0.27,11.81,10.39,1.41,82.86,10.45,0.00
80001,2.68,0.68,1.13,3.71,0.47,0.36,112.44,0.12,9.47,9.89,1.33,96.29,12.21,0.00
80002,4.41,0.83,1.13,3.32,0.53,0.41,116.84,0.44,13.37,0.51,1.27,83.90,5.70,0.00
80003,6.37,0.83,1.13,4.04,0.33,0.17,139.00,0.29,25.71,21.63,1.24,114.50,6.18,0.00
80004,6.63,0.89,0.96,4.12,0.30,0.15,126.97,0.23,29.05,34.41,1.39,132.75,6.63,0.00
80005,7.21,0.96,1.08,3.11,0.40,0.26,146.59,0.63,27.21,11.08,1.14,75.27,6.80,0.00
80006,6.55,0.89,1.00,2.85,0.54,0.46,136.00,0.65,18.33,0.03,1.00,48.09,10.97,0.00
8004,2.30,0.75,1.22,1.61,0.62,0.55,156.27,0.64,6.05,1.76,1.22,1.69,5.85,0.00
8005,2.04,0.55,1.03,1.71,0.63,0.57,136.20,0.56,5.62,1.16,1.73,4.31,8.08,0.00
8006,2.00,0.63,1.11,1.70,0.66,0.60,145.91,0.57,4.99,0.27,1.09,1.62,14.60,0.00
8009,1.95,0.69,1.27,2.39,0.53,0.43,135.53,0.34,6.22,5.40,1.26,29.38,7.82,0.00
8011,1.91,0.68,1.47,1.52,0.66,0.63,157.61,0.65,4.82,1.64,1.33,0.00,0.00,0.00
8013,2.92,0.78,0.90,1.91,0.57,0.49,143.39,0.70,8.43,2.47,1.13,8.64,5.56,0.00
81002,3.77,0.73,1.04,3.53,0.43,0.28,123.80,0.23,13.30,8.00,1.19,86.05,7.98,0.00
81003,3.17,0.73,1.43,4.20,0.37,0.22,115.13,0.15,12.65,21.89,1.37,119.91,8.85,0.00
81004,2.64,0.67,1.33,3.65,0.46,0.34,114.29,0.12,9.41,8.64,1.36,93.10,10.97,0.00
81006,4.82,0.78,1.12,3.30,0.42,0.27,132.57,0.36,16.93,8.26,1.13,77.08,7.00,0.00
81007,3.97,0.74,1.06,3.34,0.41,0.28,128.25,0.30,15.07,14.19,1.22,86.70,7.40,0.00
82001,2.45,0.62,1.47,3.63,0.46,0.34,109.38,0.16,9.13,12.88,1.49,96.56,9.70,0.00
82003,2.87,0.65,1.13,3.59,0.45,0.31,115.16,0.14,10.13,8.21,1.24,91.80,8.98,0.00
83003,2.72,0.72,1.08,3.30,0.43,0.30,120.22,0.31,10.24,14.67,1.32,82.96,9.51,0.00
83004,2.40,0.66,1.42,3.85,0.40,0.27,115.41,0.15,9.25,18.13,1.41,110.48,9.64,0.00
83006,2.39,0.66,1.31,3.52,0.42,0.30,120.78,0.22,9.36,17.11,1.43,94.09,9.55,0.00
83007,2.66,0.67,1.36,4.01,0.40,0.27,115.74,0.16,10.46,19.36,1.46,111.27,9.43,0.00
83009,3.13,0.69,1.36,3.83,0.38,0.23,124.11,0.16,11.98,19.64,1.37,108.01,7.62,0.00
83010,2.78,0.69,1.21,3.28,0.41,0.28,127.85,0.26,10.41,15.66,1.32,82.73,8.04,0.00
83013,2.54,0.69,1.21,3.91,0.38,0.25,118.65,0.13,10.45,23.40,1.60,117.05,8.98,0.00
84001,2.28,0.62,1.31,2.52,0.53,0.43,127.18,0.41,7.38,3.45,1.32,24.89,6.08,0.00
84004,2.39,0.67,1.26,2.42,0.58,0.52,122.47,0.44,7.34,3.31,1.27,23.89,10.54,0.00
84005,2.29,0.69,1.25,2.74,0.53,0.45,119.76,0.39,7.57,4.96,1.44,35.42,8.05,0.00
84008,2.64,0.74,1.43,3.53,0.44,0.32,113.69,0.25,10.16,18.24,1.63,91.15,7.41,0.00
84009,2.26,0.64,1.45,2.97,0.48,0.38,121.83,0.23,8.14,10.31,1.37,74.55,9.25,0.00
84012,2.49,0.65,1.00,3.08,0.46,0.35,115.80,0.29,9.09,11.89,1.43,72.47,6.87,0.00
84013,2.24,0.68,1.27,2.65,0.54,0.46,121.47,0.44,7.25,4.00,1.36,19.63,5.93,0.00
84014,2.63,0.71,1.25,3.76,0.41,0.29,114.98,0.18,10.27,19.08,1.51,104.27,9.60,0.00
84016,2.12,0.68,0.98,2.62,0.51,0.41,121.53,0.36,7.08,7.58,1.29,37.02,5.08,0.00
84017,4.04,0.79,1.48,3.55,0.49,0.37,120.89,0.36,13.41,2.04,1.48,86.45,9.49,0.00
84018,2.47,0.71,1.34,2.56,0.57,0.52,121.36,0.41,7.53,2.98,1.33,30.18,10.86,0.00
84019,1.65,0.59,1.15,2.52,0.53,0.45,124.87,0.32,5.38,6.85,1.43,19.89,5.31,0.00
84020,3.52,0.77,1.14,3.54,0.42,0.30,125.11,0.30,12.85,11.81,1.28,87.55,7.77,0.00
84022,2.54,0.66,1.30,2.64,0.51,0.41,120.11,0.34,8.60,6.89,1.24,50.91,8.45,0.00
84026,3.68,0.84,1.23,3.09,0.47,0.36,123.05,0.36,12.72,8.89,1.40,68.92,8.07,0.00
84030,2.92,0.71,1.04,3.34,0.43,0.31,118.60,0.33,10.97,16.57,1.43,80.34,6.66,0.00
85001,5.10,0.86,1.12,3.24,0.69,0.75,128.16,0.93,11.61,0.00,0.00,31.08,3.16,0.00
85002,3.15,0.72,1.01,3.47,0.42,0.30,118.38,0.26,12.11,17.69,1.46,93.94,9.23,0.00
85003,6.43,0.77,1.06,4.19,0.32,0.16,128.40,0.29,26.26,27.00,1.39,125.39,5.76,0.00
85004,6.40,0.91,0.70,3.41,0.43,0.29,133.93,0.60,22.37,8.77,1.15,75.89,6.33,0.00
88001,3.66,0.71,1.20,3.56,0.39,0.24,121.25,0.25,13.99,14.91,1.21,94.63,7.20,0.00
89002,8.15,0.88,0.73,4.49,0.33,0.16,130.74,0.35,32.24,21.31,1.35,126.11,6.54,0.00
89003,7.81,0.95,1.00,3.16,0.36,0.22,127.54,0.50,31.55,22.99,1.72,98.18,7.93,0.00
89005,8.80,1.02,1.35,3.91,0.34,0.19,123.27,0.56,32.05,20.56,1.42,115.20,6.61,0.00
89007,5.83,0.76,0.53,4.24,0.38,0.22,136.41,0.34,20.75,11.61,1.19,108.13,6.18,0.00
90003,8.17,0.92,0.94,3.18,0.41,0.26,134.52,0.84,29.15,9.52,1.24,71.52,5.36,0.00
9002,1.50,0.58,1.42,2.14,0.62,0.58,138.87,0.33,4.17,2.67,1.38,9.69,8.23,0.00
9003,1.35,0.54,1.65,2.05,0.58,0.52,136.82,0.29,3.99,5.57,1.46,14.43,7.65,0.00
9004,1.53,0.57,1.42,1.79,0.71,0.71,147.51,0.45,3.70,1.09,1.73,0.00,0.00,0.00
9005,2.00,0.68,0.89,1.71,0.56,0.50,150.20,0.55,6.10,5.67,1.36,0.27,2.00,0.00
92001,7.20,0.87,1.05,2.25,0.64,0.61,140.95,1.21,17.78,0.00,0.00,24.94,10.27,0.00
93001,6.66,0.87,1.14,3.40,0.41,0.26,134.62,0.66,23.06,9.01,1.31,81.48,7.01,0.00
94001,5.83,0.90,1.11,2.36,0.64,0.64,131.16,1.12,14.87,0.04,2.00,20.51,11.11,0.00
95001,5.23,0.83,1.11,2.06,0.67,0.66,139.31,1.22,12.57,0.00,0.00,12.21,8.18,0.00
96001,2.24,0.72,1.26,3.60,0.41,0.27,119.13,0.14,8.55,14.99,1.43,100.99,10.01,0.00
96002,2.91,0.75,1.37,3.06,0.52,0.42,125.15,0.25,9.23,2.85,1.47,67.90,13.62,0.00
96004,6.01,0.85,0.99,3.62,0.37,0.20,135.46,0.39,22.15,12.58,1.24,97.33,5.34,0.00
97002,1.89,0.63,1.31,2.61,0.53,0.46,118.07,0.14,6.27,5.97,1.43,55.25,20.31,0.00
