gauge_id,dwood_perc,ewood_perc,grass_perc,shrub_perc,crop_perc,urban_perc,inwater_perc,bares_perc,dom_land_cover
10002,3.89,5.41,42.48,6.16,40.37,1.72,0.13,0.01,Grass and Pasture
10003,4.74,3.06,36.88,0.31,54.06,1.04,0.06,0.03,Crops
1001,0.41,12.37,39.84,41.89,1.78,0.21,3.36,0.30,Shrubs
101002,6.20,0.30,42.78,0.38,46.34,3.28,0.49,0.56,Crops
101005,4.60,0.12,59.24,0.25,31.08,4.78,0.05,0.00,Grass and Pasture
102001,0.55,0.00,96.55,0.00,1.82,0.85,0.15,0.15,Grass and Pasture
106001,0.09,2.40,0.11,91.31,0.02,0.01,6.11,0.00,Shrubs
107001,0.12,0.00,22.41,76.24,0.94,0.05,0.38,0.00,Shrubs
11001,3.89,15.45,35.18,22.50,21.45,1.54,0.10,0.04,Grass and Pasture
11003,0.70,17.05,29.12,48.31,4.78,0.15,0.01,0.00,Shrubs
11004,2.66,15.38,45.50,5.32,30.18,1.04,0.02,0.00,Grass and Pasture
12001,2.22,13.22,12.01,60.44,1.56,0.29,0.55,9.77,Shrubs
12002,3.21,16.27,14.74,54.64,2.89,0.48,0.50,7.36,Shrubs
12005,0.46,10.84,4.21,70.44,0.00,0.01,2.30,11.84,Shrubs
12006,1.50,1.17,6.23,84.83,0.00,0.01,0.01,6.28,Shrubs
12007,0.05,2.30,3.01,72.56,0.00,0.00,0.03,22.12,Shrubs
12008,2.55,18.11,11.68,65.41,2.18,0.12,0.04,0.00,Shrubs
12009,0.00,0.00,5.09,94.96,0.00,0.00,0.01,0.00,Shrubs
13001,3.57,16.55,23.25,3.92,51.87,0.98,0.00,0.00,Crops
13004,1.12,13.37,27.61,55.86,1.01,0.00,0.00,1.21,Shrubs
13005,7.69,1.92,13.21,0.02,74.38,2.19,0.85,0.00,Crops
13007,3.47,4.61,21.45,45.60,24.07,0.65,0.17,0.10,Shrubs
13008,3.65,7.27,30.85,30.70,21.95,0.62,0.13,4.96,Grass and Pasture
14001,8.04,5.09,28.83,0.52,53.11,4.24,0.40,0.01,Crops
14002,6.98,2.71,28.19,2.97,44.10,14.86,0.38,0.00,Crops
14005,9.36,1.27,23.67,0.00,63.06,2.42,0.23,0.07,Crops
15006,4.29,11.82,35.91,31.28,7.64,0.55,2.79,5.80,Grass and Pasture
15007,3.88,11.60,57.49,16.85,0.58,0.22,3.49,5.96,Grass and Pasture
15010,3.69,13.67,41.99,23.00,10.78,0.49,1.12,5.39,Grass and Pasture
15011,2.09,5.18,58.79,20.98,0.08,0.04,2.24,10.65,Grass and Pasture
15012,2.93,11.65,24.48,46.51,0.07,0.15,4.19,10.08,Shrubs
15013,4.20,5.18,49.52,37.15,3.43,0.24,0.09,0.27,Grass and Pasture
15014,0.53,8.03,38.70,51.85,0.00,0.01,0.12,0.82,Shrubs
15016,3.91,10.38,66.23,9.50,0.35,0.20,5.00,4.53,Grass and Pasture
15021,14.70,7.04,28.73,21.30,22.70,1.84,3.81,0.00,Grass and Pasture
15023,1.61,20.03,31.57,45.02,0.33,0.04,1.22,0.22,Shrubs
15024,2.25,17.05,67.37,6.64,0.60,0.15,0.64,5.38,Grass and Pasture
15025,3.08,9.73,44.47,40.07,0.26,0.10,0.18,2.15,Grass and Pasture
15030,5.55,4.18,20.05,6.12,60.38,3.62,0.27,0.00,Crops
15039,0.02,0.35,7.82,76.55,0.00,0.00,0.23,15.13,Shrubs
16001,7.31,7.45,46.97,23.73,10.90,0.97,2.52,0.26,Grass and Pasture
16003,2.53,1.83,80.30,14.89,0.15,0.08,0.00,0.30,Grass and Pasture
16004,7.33,7.93,46.53,18.49,16.45,1.23,1.98,0.19,Grass and Pasture
17001,5.16,27.94,38.74,17.04,2.67,3.53,4.68,0.36,Grass and Pasture
17003,15.61,10.21,36.51,11.17,5.39,20.71,0.43,0.00,Grass and Pasture
17004,11.27,7.72,35.95,0.50,29.27,12.46,2.80,0.22,Grass and Pasture
17005,8.76,6.49,50.70,11.23,11.87,9.67,1.10,0.27,Grass and Pasture
17015,3.89,20.77,59.87,1.06,12.82,1.69,0.03,0.00,Grass and Pasture
17018,1.38,0.28,28.37,1.33,66.10,2.65,0.01,0.00,Crops
18001,2.80,10.63,57.86,21.77,5.82,0.81,0.45,0.00,Grass and Pasture
18002,6.92,7.82,73.10,2.35,5.22,3.82,0.88,0.00,Grass and Pasture
18003,7.10,19.42,54.51,11.38,0.99,0.38,5.20,1.14,Grass and Pasture
18008,4.55,26.20,54.92,8.35,0.38,0.05,2.81,2.83,Grass and Pasture
18010,8.04,28.27,35.47,16.33,9.49,0.74,1.71,0.09,Grass and Pasture
18011,7.78,21.66,45.26,13.58,7.01,0.89,3.33,0.60,Grass and Pasture
18014,9.80,22.97,36.63,13.95,9.79,4.87,2.20,0.00,Grass and Pasture
18017,0.00,8.34,29.60,61.95,0.00,0.00,0.00,0.26,Shrubs
18018,0.13,37.34,59.98,1.96,0.00,0.00,0.18,0.16,Grass and Pasture
19001,9.53,12.00,28.40,11.89,21.24,15.83,0.61,0.61,Grass and Pasture
19006,4.79,3.78,24.04,33.22,11.42,20.96,1.86,0.01,Shrubs
19010,9.83,3.03,33.92,7.36,7.40,37.56,0.94,0.00,Urban
19017,8.95,0.82,29.42,0.67,36.31,23.82,0.08,0.00,Crops
19020,6.39,20.74,41.71,15.75,5.02,8.47,0.18,1.83,Grass and Pasture
20002,1.97,0.06,6.48,0.00,87.52,3.62,0.17,0.22,Crops
20003,9.00,3.69,29.50,6.42,48.66,2.61,0.04,0.17,Crops
20007,10.52,3.17,29.52,19.60,35.79,1.07,0.40,0.03,Crops
2001,0.15,5.91,3.15,87.65,0.00,0.00,3.19,0.00,Shrubs
2002,0.51,5.82,2.91,89.31,0.01,0.04,1.48,0.00,Shrubs
21003,2.22,15.65,67.21,12.50,0.87,0.89,0.52,0.26,Grass and Pasture
21006,2.68,20.22,62.53,12.19,0.80,0.85,0.72,0.12,Grass and Pasture
21008,3.84,23.46,56.15,2.10,13.30,1.02,0.24,0.02,Grass and Pasture
21009,3.93,14.63,54.87,8.30,16.64,1.15,0.47,0.13,Grass and Pasture
21011,1.51,12.20,70.21,13.52,0.16,0.08,2.45,0.00,Grass and Pasture
21012,1.89,33.28,59.71,1.97,1.78,1.36,0.14,0.00,Grass and Pasture
21013,2.30,7.24,71.03,17.30,1.44,0.53,0.03,0.22,Grass and Pasture
21015,2.95,5.26,51.61,26.91,11.57,0.66,0.03,1.11,Grass and Pasture
21016,5.63,7.03,33.62,2.98,48.80,1.80,0.03,0.16,Crops
21017,0.08,28.84,67.00,4.15,0.00,0.03,0.00,0.00,Grass and Pasture
21018,3.10,13.30,67.14,13.35,1.32,0.97,0.42,0.46,Grass and Pasture
21022,4.13,6.34,39.05,27.42,21.82,0.92,0.27,0.14,Grass and Pasture
21023,3.93,0.49,12.60,0.01,81.35,1.63,0.10,0.00,Crops
21024,5.43,40.31,43.84,5.63,3.71,1.08,0.05,0.12,Grass and Pasture
21026,0.09,86.52,9.52,3.73,0.00,0.01,0.17,0.00,Evergreen Woodland
21027,4.39,5.41,46.36,14.09,27.95,1.52,0.10,0.29,Grass and Pasture
22001,5.87,9.60,59.92,11.13,12.49,0.95,0.13,0.00,Grass and Pasture
22006,5.29,0.76,45.06,0.13,44.22,3.85,0.27,0.57,Grass and Pasture
22007,6.57,13.89,56.64,5.43,16.66,0.57,0.45,0.00,Grass and Pasture
22009,3.36,11.68,65.64,12.97,5.74,0.54,0.14,0.00,Grass and Pasture
23001,3.91,21.08,48.65,21.27,3.39,0.79,0.96,0.07,Grass and Pasture
23004,3.62,4.98,55.75,34.36,0.32,0.62,0.34,0.10,Grass and Pasture
23006,1.90,2.72,45.62,49.11,0.03,0.29,0.17,0.22,Shrubs
23007,9.20,6.00,36.45,32.68,9.51,4.22,1.81,0.27,Grass and Pasture
23008,1.81,21.55,59.51,16.43,0.05,0.32,0.35,0.06,Grass and Pasture
23011,0.24,35.83,5.87,58.15,0.00,0.02,0.02,0.00,Shrubs
23016,5.82,0.13,18.11,0.00,29.14,46.18,0.38,0.30,Urban
24001,4.63,5.32,50.98,25.14,9.22,4.13,0.31,0.45,Grass and Pasture
24003,1.27,1.94,60.02,35.03,0.01,0.34,0.35,1.14,Grass and Pasture
24004,4.47,27.73,18.49,48.89,0.50,0.15,0.00,0.00,Shrubs
24005,8.67,4.68,59.85,2.39,16.82,7.58,0.05,0.07,Grass and Pasture
25001,2.29,1.47,35.08,46.74,12.27,1.00,1.09,0.14,Shrubs
25003,0.00,0.00,1.86,98.10,0.00,0.00,0.06,0.00,Shrubs
25006,0.30,0.15,23.54,75.76,0.00,0.14,0.00,0.21,Shrubs
25012,0.00,0.34,37.27,62.26,0.00,0.00,0.22,0.00,Shrubs
25020,5.55,0.37,28.56,0.04,53.40,10.55,0.41,1.20,Crops
25021,6.11,0.66,30.13,0.08,51.57,8.29,0.77,2.37,Crops
25029,5.81,6.15,36.83,10.43,37.28,3.63,0.06,0.00,Crops
26003,1.44,0.00,9.91,0.00,87.01,1.77,0.02,0.00,Crops
26005,2.25,0.06,8.43,0.02,88.28,1.03,0.00,0.00,Crops
26006,3.35,0.00,9.64,0.00,83.58,3.46,0.06,0.00,Crops
26008,8.64,0.50,12.21,0.00,74.83,3.54,0.28,0.00,Crops
26009,3.68,0.39,13.29,0.16,80.24,2.22,0.03,0.01,Crops
27001,5.87,0.93,46.34,21.93,17.60,6.56,0.77,0.12,Grass and Pasture
27002,4.81,2.40,57.61,25.77,4.54,3.53,1.05,0.38,Grass and Pasture
27003,7.95,0.76,42.61,14.49,7.49,25.44,1.20,0.22,Grass and Pasture
27006,10.73,3.37,38.91,21.78,2.34,21.09,1.72,0.24,Grass and Pasture
27007,4.57,2.04,52.33,25.71,13.37,1.58,0.39,0.18,Grass and Pasture
27009,4.53,1.53,39.99,18.11,32.09,3.38,0.43,0.09,Grass and Pasture
27021,11.41,1.35,33.10,6.79,20.02,25.89,1.17,0.43,Grass and Pasture
27023,11.44,1.52,47.49,0.23,21.94,17.07,0.43,0.03,Grass and Pasture
27025,11.39,0.48,34.82,1.45,24.52,25.86,0.60,1.10,Grass and Pasture
27026,11.58,0.95,45.77,1.58,12.71,26.41,0.35,0.87,Grass and Pasture
27029,8.97,0.75,39.56,38.64,0.15,10.37,1.47,0.24,Grass and Pasture
27030,11.96,0.70,34.17,0.10,28.61,23.62,0.93,0.01,Grass and Pasture
27032,0.02,0.01,20.04,79.94,0.00,0.00,0.08,0.04,Shrubs
27034,2.20,2.21,63.40,30.21,1.05,0.67,0.13,0.25,Grass and Pasture
27035,2.81,1.65,77.15,13.61,0.75,3.31,0.50,0.35,Grass and Pasture
27038,3.11,0.04,24.75,0.01,64.13,7.96,0.25,0.09,Crops
27041,8.13,9.06,25.28,14.23,40.94,2.29,0.13,0.06,Crops
27042,7.65,1.22,34.46,44.41,10.83,1.47,0.02,0.06,Shrubs
27043,2.29,2.78,60.52,32.53,0.07,0.61,0.64,0.65,Grass and Pasture
27047,0.09,12.25,81.46,6.21,0.00,0.09,0.00,0.00,Grass and Pasture
27049,10.73,8.71,29.47,31.90,18.69,0.64,0.02,0.00,Shrubs
27051,3.49,0.84,90.18,0.00,3.80,1.87,0.00,0.00,Grass and Pasture
27062,5.64,0.88,44.88,20.69,20.71,6.46,0.74,0.11,Grass and Pasture
27064,4.75,0.01,13.14,0.00,68.61,13.19,0.45,0.00,Crops
27065,10.65,2.96,49.48,19.91,3.89,12.08,0.97,0.20,Grass and Pasture
27071,4.10,1.69,36.02,18.74,36.17,3.10,0.30,0.05,Crops
27073,4.28,1.27,17.68,0.00,73.61,3.10,0.00,0.00,Crops
27077,4.20,0.00,28.90,0.42,0.45,65.84,0.15,0.21,Urban
27079,9.48,0.67,37.23,19.09,8.76,23.33,1.37,0.22,Grass and Pasture
27080,6.30,0.96,52.51,11.44,1.75,26.37,0.57,0.25,Grass and Pasture
27084,3.41,0.83,73.71,17.83,0.01,4.30,0.10,0.01,Grass and Pasture
27087,7.22,16.33,23.30,5.00,44.95,3.08,0.19,0.00,Crops
27089,5.46,2.24,55.45,23.99,7.60,3.98,1.03,0.35,Grass and Pasture
27090,3.53,1.39,41.49,46.12,6.00,1.43,0.10,0.03,Shrubs
28001,3.35,8.31,26.04,59.25,0.00,0.02,3.14,0.00,Shrubs
28003,4.66,0.08,10.44,0.30,4.67,78.94,0.99,0.08,Urban
28008,3.97,0.17,88.67,2.01,2.06,1.51,0.83,0.89,Grass and Pasture
28009,6.39,1.06,45.52,1.76,25.02,18.93,1.04,0.42,Grass and Pasture
28012,6.17,3.22,49.78,0.62,22.81,16.54,0.89,0.12,Grass and Pasture
28015,13.49,7.55,12.53,0.84,49.66,14.19,1.25,0.65,Crops
28018,6.51,0.49,81.28,1.44,5.16,3.87,0.81,0.55,Grass and Pasture
28022,6.30,1.03,43.49,1.60,28.17,18.10,1.07,0.38,Grass and Pasture
28023,3.88,0.86,82.82,2.17,1.43,3.43,0.14,5.42,Grass and Pasture
28024,3.08,0.02,37.70,0.00,53.81,5.16,0.34,0.05,Crops
28026,5.45,0.26,33.88,0.05,43.19,16.05,0.57,0.72,Crops
28031,3.91,0.29,88.75,5.10,0.34,0.55,0.03,1.12,Grass and Pasture
28033,1.65,0.97,92.09,4.95,0.20,0.29,0.00,0.00,Grass and Pasture
28039,5.63,0.03,13.45,0.08,2.63,76.68,1.24,0.29,Urban
28040,4.55,0.00,54.57,0.89,1.93,37.68,0.54,0.01,Grass and Pasture
28043,7.43,4.41,56.18,28.27,0.25,1.67,1.34,0.59,Grass and Pasture
28044,13.76,2.72,10.10,0.22,64.81,7.23,0.34,0.97,Crops
28046,3.05,0.12,93.21,0.50,1.48,0.48,0.00,1.24,Grass and Pasture
28048,6.77,0.61,62.79,0.68,12.85,15.35,0.78,0.35,Grass and Pasture
28050,8.73,0.99,11.63,0.00,54.13,22.75,1.47,0.40,Crops
28052,6.90,2.54,54.11,0.01,32.17,3.78,0.63,0.00,Grass and Pasture
28055,8.04,0.38,77.09,0.00,8.73,4.47,0.12,1.15,Grass and Pasture
28056,10.44,0.02,37.09,0.05,30.04,19.73,1.19,1.65,Grass and Pasture
28060,10.45,7.04,23.93,0.27,48.24,10.05,0.17,0.20,Crops
28066,4.68,0.06,20.65,0.00,6.12,68.22,0.34,0.02,Urban
28067,8.04,2.18,63.40,8.95,6.39,9.32,0.73,1.14,Grass and Pasture
28072,6.56,0.71,21.76,0.08,60.80,10.14,0.05,0.02,Crops
28074,4.78,0.05,36.81,0.19,41.34,16.00,0.75,0.25,Crops
28080,5.63,0.28,20.63,0.15,15.72,56.75,0.91,0.10,Urban
28081,3.58,0.01,8.27,0.02,6.21,81.31,0.72,0.06,Urban
28082,2.75,0.01,39.59,0.00,46.68,10.49,0.56,0.03,Crops
28085,8.42,2.44,66.72,9.99,4.20,6.44,0.70,1.22,Grass and Pasture
28091,9.74,1.26,13.29,0.07,59.24,15.99,0.53,0.06,Crops
28093,4.26,0.04,37.26,0.20,41.85,15.60,0.71,0.25,Crops
28115,4.58,1.38,10.55,1.01,18.02,63.41,1.04,0.12,Urban
28116,11.14,12.53,8.90,0.65,42.06,23.69,0.68,0.41,Crops
28117,8.43,3.28,67.53,13.92,1.60,3.11,0.71,1.54,Grass and Pasture
29002,5.50,0.09,12.30,0.00,80.97,1.03,0.23,0.00,Crops
29003,4.50,0.02,14.52,0.00,75.97,5.14,0.04,0.00,Crops
29005,6.02,8.50,23.75,0.00,57.51,4.19,0.16,0.00,Crops
29009,1.75,0.00,5.93,0.00,90.54,1.55,0.29,0.00,Crops
30001,4.96,0.22,17.07,0.00,69.51,7.99,0.22,0.16,Crops
30004,6.02,0.17,24.98,0.00,67.21,1.81,0.14,0.00,Crops
30005,5.81,0.36,18.31,0.00,72.05,3.19,0.11,0.38,Crops
30011,5.07,0.23,16.48,0.00,76.86,1.25,0.29,0.00,Crops
30012,4.71,0.67,15.91,0.00,77.02,1.64,0.11,0.00,Crops
30014,12.63,0.92,8.96,0.00,76.24,1.18,0.00,0.00,Crops
30015,7.03,0.56,18.81,0.00,72.36,1.27,0.22,0.00,Crops
3003,0.43,15.64,24.91,55.81,0.02,0.00,1.46,1.85,Shrubs
31002,8.32,0.93,13.96,0.00,74.41,1.95,0.51,0.08,Crops
31006,7.56,0.15,27.05,0.00,50.85,5.16,8.55,0.83,Crops
31010,5.19,0.14,36.52,0.00,54.57,3.44,0.20,0.00,Crops
31021,2.87,0.11,46.98,0.00,45.36,4.61,0.18,0.00,Grass and Pasture
31023,20.92,0.19,2.51,0.00,75.93,0.86,0.00,0.00,Crops
31025,8.19,0.00,58.34,0.00,31.84,1.76,0.03,0.00,Grass and Pasture
32003,17.72,1.10,17.61,0.00,57.13,6.60,0.00,0.00,Crops
32004,4.69,0.34,28.94,0.00,53.61,12.14,0.40,0.00,Crops
32006,2.87,0.10,38.87,0.00,50.51,7.41,0.35,0.00,Crops
32008,2.48,0.03,38.17,0.00,49.46,9.32,0.60,0.00,Crops
33006,9.43,6.96,25.88,0.10,53.81,3.67,0.28,0.00,Crops
33007,8.07,1.94,13.90,0.00,73.59,2.36,0.40,0.00,Crops
33012,5.15,0.21,15.68,0.00,76.10,2.86,0.05,0.00,Crops
33013,6.58,0.51,11.98,0.00,75.12,5.81,0.19,0.00,Crops
33014,7.78,9.04,11.48,0.24,62.64,8.11,0.66,0.13,Crops
33018,5.44,0.32,40.05,0.00,49.18,5.00,0.07,0.01,Crops
33019,9.77,6.39,14.94,0.71,63.10,4.90,0.38,0.00,Crops
33020,2.28,0.16,13.70,0.00,79.02,4.65,0.37,0.00,Crops
33021,2.65,0.04,12.56,0.00,79.01,5.62,0.12,0.08,Crops
33022,6.86,1.03,18.47,0.06,61.71,11.61,0.41,0.03,Crops
33023,6.62,0.40,20.14,0.43,68.20,4.30,0.07,0.01,Crops
33024,6.35,0.35,10.86,0.03,76.04,6.38,0.08,0.02,Crops
33026,5.79,0.65,26.85,0.05,55.60,10.22,0.84,0.12,Crops
33028,10.03,2.79,27.49,0.01,49.11,10.39,0.32,0.05,Crops
33029,6.15,8.52,11.11,0.03,70.41,3.51,0.37,0.00,Crops
33031,9.99,4.97,26.97,0.00,43.23,14.35,0.54,0.17,Crops
33032,8.19,0.66,9.46,0.02,79.87,1.68,0.07,0.11,Crops
33033,5.28,0.18,16.18,0.06,63.11,15.17,0.12,0.00,Crops
33034,8.49,7.07,13.07,0.33,65.76,5.14,0.30,0.00,Crops
33035,5.62,5.57,14.24,0.27,67.46,6.53,0.40,0.02,Crops
33039,5.64,0.65,32.26,0.06,49.71,10.73,0.89,0.18,Crops
33053,5.94,0.41,9.20,0.09,79.35,5.10,0.05,0.00,Crops
33054,8.24,3.54,14.03,0.10,71.73,2.25,0.16,0.00,Crops
33058,4.50,0.73,38.99,0.42,45.31,9.12,0.44,0.63,Crops
34002,5.50,0.04,19.13,0.00,69.80,5.53,0.06,0.00,Crops
34003,9.50,1.35,15.61,0.00,71.03,2.48,0.18,0.01,Crops
34004,7.92,1.46,18.96,0.05,66.45,4.63,0.58,0.10,Crops
34005,8.03,0.53,19.84,0.00,62.02,9.69,0.05,0.00,Crops
34006,3.52,0.02,13.98,0.00,78.10,4.41,0.10,0.00,Crops
34007,3.15,0.02,11.54,0.00,81.32,4.13,0.06,0.00,Crops
34008,8.10,1.46,14.35,0.00,64.84,11.41,0.08,0.00,Crops
34010,3.88,0.04,17.15,0.00,73.48,5.43,0.17,0.00,Crops
34011,5.85,1.31,15.28,0.15,72.77,4.25,0.09,0.35,Crops
34012,3.12,0.50,9.34,0.00,84.56,2.56,0.14,0.00,Crops
35003,5.57,0.31,14.21,0.00,77.95,2.00,0.04,0.00,Crops
35008,4.37,0.06,10.17,0.00,78.56,7.00,0.02,0.00,Crops
36003,4.44,0.09,14.07,0.00,77.23,4.18,0.05,0.00,Crops
36006,5.39,0.24,13.28,0.02,75.93,5.14,0.12,0.00,Crops
36009,2.49,0.05,8.90,0.00,85.79,2.86,0.12,0.00,Crops
36010,3.03,0.00,6.57,0.00,87.02,3.51,0.00,0.00,Crops
36011,5.03,0.16,8.69,0.02,65.36,20.72,0.07,0.00,Crops
36012,6.99,0.69,9.42,0.05,80.06,2.89,0.03,0.00,Crops
37001,8.11,0.30,17.64,0.21,60.25,13.15,0.50,0.04,Crops
37003,7.03,0.04,12.43,0.21,75.56,4.55,0.39,0.01,Crops
37005,6.61,0.27,19.35,0.00,66.57,7.09,0.23,0.00,Crops
37008,3.86,0.06,11.64,0.00,76.35,8.01,0.24,0.00,Crops
37009,3.97,0.13,15.15,0.00,64.91,15.76,0.17,0.00,Crops
37010,6.02,0.11,13.08,0.00,74.42,6.10,0.25,0.12,Crops
37011,4.52,0.10,9.85,0.00,81.22,4.33,0.14,0.00,Crops
37018,12.11,0.16,38.14,0.51,17.92,30.68,0.50,0.13,Grass and Pasture
37019,4.74,0.04,28.69,0.00,13.55,52.63,0.55,0.00,Urban
37020,4.35,0.06,10.44,0.00,79.68,5.47,0.14,0.00,Crops
37031,7.12,0.03,23.19,0.00,24.83,44.55,0.42,0.00,Urban
37033,11.60,0.00,21.10,0.00,1.59,65.65,0.15,0.00,Urban
38001,8.05,0.36,18.15,0.01,56.53,16.56,0.47,0.05,Crops
38003,9.58,0.65,19.39,0.00,56.60,13.89,0.10,0.00,Crops
38004,5.44,0.10,15.23,0.00,75.62,3.69,0.03,0.00,Crops
38007,6.46,0.96,15.48,0.07,23.76,53.62,0.11,0.00,Urban
38012,7.06,0.08,17.65,0.00,24.43,50.83,0.24,0.00,Urban
38014,8.30,0.48,23.58,0.25,22.84,44.24,0.49,0.13,Urban
38017,9.44,0.58,16.57,0.00,70.23,3.43,0.07,0.00,Crops
38018,9.19,1.02,21.13,0.02,31.98,36.17,0.42,0.24,Urban
38021,20.39,0.18,36.31,0.07,25.47,17.42,0.23,0.17,Grass and Pasture
38026,8.06,0.02,10.42,0.00,70.75,10.41,0.49,0.00,Crops
38029,4.45,0.15,13.22,0.00,79.92,2.37,0.00,0.00,Crops
38030,8.29,0.29,18.91,0.00,58.07,14.54,0.09,0.00,Crops
39001,11.31,2.10,33.82,0.58,37.06,14.01,1.15,0.12,Crops
39002,6.20,0.40,35.09,0.02,50.03,7.25,1.01,0.13,Crops
39004,17.44,0.22,32.08,0.01,7.77,42.51,0.05,0.09,Urban
39005,6.63,0.02,15.82,0.22,0.35,77.03,0.11,0.00,Urban
39006,7.94,0.62,36.38,0.03,50.00,3.84,1.01,0.28,Crops
39007,15.15,9.58,24.79,3.93,20.85,23.89,1.58,0.35,Grass and Pasture
39008,6.87,0.44,36.16,0.04,48.28,6.55,1.57,0.22,Crops
39010,11.41,0.61,31.10,0.03,32.25,23.81,0.82,0.16,Crops
39011,18.63,8.06,29.96,1.96,29.12,12.04,0.40,0.01,Grass and Pasture
39012,10.63,0.20,27.56,0.09,6.27,55.25,0.11,0.05,Urban
39014,6.81,0.55,25.04,0.00,47.40,19.61,0.11,0.65,Crops
39015,12.12,0.74,21.73,0.01,60.95,4.39,0.00,0.00,Crops
39016,11.32,1.14,30.24,0.08,52.24,4.63,0.43,0.05,Crops
39017,15.60,0.38,48.62,0.00,32.74,2.00,0.42,0.22,Grass and Pasture
39019,6.54,0.39,25.69,0.06,65.33,2.06,0.04,0.01,Crops
39020,10.79,0.61,39.74,0.04,47.56,1.34,0.02,0.03,Crops
39021,3.51,0.05,34.91,0.00,55.79,5.66,0.23,0.00,Crops
39022,12.97,0.98,27.42,0.03,40.56,17.91,0.11,0.12,Crops
39023,19.90,0.48,33.82,0.01,24.11,21.66,0.07,0.12,Grass and Pasture
39025,19.82,2.83,40.91,0.20,30.01,6.11,0.25,0.03,Grass and Pasture
39027,15.66,2.42,25.47,0.01,53.00,3.50,0.06,0.01,Crops
39028,20.88,3.02,18.56,0.03,56.12,1.42,0.17,0.02,Crops
39029,26.84,19.62,34.05,0.59,10.84,7.94,0.25,0.00,Grass and Pasture
39034,8.58,0.53,31.07,0.00,55.91,3.76,0.24,0.00,Crops
39035,13.71,1.15,36.91,0.03,41.73,5.49,0.79,0.34,Crops
39036,18.75,30.30,36.23,0.84,7.77,6.17,0.02,0.00,Grass and Pasture
39037,3.89,0.05,27.37,0.00,67.35,1.49,0.00,0.01,Crops
39042,5.47,0.17,28.68,0.00,63.62,1.47,0.73,0.01,Crops
39049,9.22,0.02,20.05,0.07,3.23,67.03,0.31,0.29,Urban
39052,10.44,12.25,28.26,0.44,6.30,41.85,0.45,0.10,Urban
39054,16.25,4.26,40.16,0.00,12.59,26.60,0.40,0.02,Grass and Pasture
39056,12.61,0.10,27.53,0.01,8.00,51.71,0.14,0.03,Urban
39061,2.50,0.00,44.72,0.00,51.71,1.10,0.00,0.06,Crops
39065,15.08,0.18,19.72,0.00,63.52,1.71,0.00,0.00,Crops
39069,17.95,5.12,39.64,0.07,7.93,28.92,0.43,0.20,Grass and Pasture
39072,9.22,1.30,33.79,0.25,44.35,10.15,0.95,0.12,Crops
39078,12.85,1.53,31.48,0.03,47.32,6.91,0.05,0.00,Crops
39081,4.25,0.47,31.37,0.03,58.07,5.50,0.43,0.00,Crops
39087,4.09,0.08,41.50,0.03,15.65,38.60,0.20,0.13,Grass and Pasture
39088,14.99,0.34,43.09,0.00,29.25,12.40,0.14,0.00,Grass and Pasture
39095,9.77,0.05,17.78,0.03,0.46,71.77,0.18,0.02,Urban
39099,5.87,0.18,32.45,0.00,60.36,1.53,0.03,0.05,Crops
39101,4.09,0.07,24.92,0.00,69.11,1.94,0.00,0.00,Crops
39105,5.55,0.40,45.92,0.01,39.01,8.78,0.35,0.14,Grass and Pasture
39108,19.92,1.97,39.94,0.07,37.03,0.96,0.00,0.28,Grass and Pasture
39114,5.99,0.54,16.75,0.00,74.98,1.83,0.01,0.01,Crops
39120,12.74,1.77,35.82,0.00,44.98,4.80,0.01,0.00,Crops
39125,7.25,0.87,28.45,0.00,52.32,9.88,0.00,1.27,Crops
39127,22.25,0.41,34.38,0.00,34.66,8.52,0.06,0.00,Crops
39141,21.07,8.81,35.04,2.38,20.96,11.44,0.45,0.02,Grass and Pasture
39142,9.59,1.14,36.41,0.14,51.33,0.99,0.00,0.48,Crops
39143,10.47,1.01,45.18,0.01,40.84,1.65,0.30,0.60,Grass and Pasture
39144,3.76,0.01,37.39,0.00,54.67,4.17,0.10,0.00,Crops
40003,18.60,1.91,48.42,0.89,20.98,8.36,0.91,0.09,Grass and Pasture
40004,25.11,3.27,59.83,0.00,7.78,3.63,0.55,0.02,Grass and Pasture
40005,10.80,1.64,54.09,0.00,28.06,5.11,0.43,0.00,Grass and Pasture
40006,26.72,1.09,38.04,0.01,26.78,6.82,0.04,0.62,Grass and Pasture
40007,28.43,3.92,44.53,4.19,9.90,8.51,0.66,0.04,Grass and Pasture
40009,25.12,4.54,48.65,0.04,14.14,4.80,2.78,0.04,Grass and Pasture
40010,17.20,0.46,52.02,0.11,19.24,9.85,1.05,0.29,Grass and Pasture
40011,15.75,0.58,27.11,0.01,45.60,10.46,0.38,0.25,Crops
40012,20.86,1.79,34.79,0.37,25.14,15.74,0.84,0.53,Grass and Pasture
40013,25.84,3.25,34.58,0.34,17.36,16.76,1.05,0.84,Grass and Pasture
40016,13.33,0.36,33.84,0.03,9.60,42.66,0.26,0.05,Urban
40017,26.04,9.29,60.17,0.00,1.99,2.65,0.00,0.02,Grass and Pasture
40018,25.27,2.61,36.12,0.50,18.25,15.59,0.90,0.79,Grass and Pasture
4001,2.60,10.58,14.21,65.63,0.35,0.04,3.97,2.71,Shrubs
40020,28.77,3.55,46.62,0.00,9.47,11.54,0.23,0.00,Grass and Pasture
40021,17.21,6.87,49.37,0.00,21.95,4.51,0.24,0.01,Grass and Pasture
40022,9.80,0.41,28.55,0.06,51.11,9.18,0.23,0.75,Crops
40033,13.91,0.08,35.96,0.00,37.72,12.37,0.06,0.00,Crops
4003,1.86,19.45,6.65,68.64,1.65,0.19,1.64,0.01,Shrubs
4005,1.17,5.50,19.52,68.67,0.01,0.00,1.01,4.20,Shrubs
4006,0.14,2.59,12.96,80.04,0.00,0.03,3.16,1.22,Shrubs
41001,14.41,0.77,72.88,0.00,7.64,4.16,0.26,0.04,Grass and Pasture
41003,15.54,1.50,60.17,0.00,16.42,6.07,0.48,0.00,Grass and Pasture
41004,22.69,1.53,55.95,0.71,12.53,6.12,0.52,0.09,Grass and Pasture
41005,26.88,2.70,51.78,0.34,10.30,7.08,0.83,0.19,Grass and Pasture
41006,21.62,0.25,62.49,0.14,8.45,7.04,0.17,0.01,Grass and Pasture
41009,22.36,6.43,39.68,0.73,25.57,5.04,0.32,0.01,Grass and Pasture
41011,20.04,4.51,40.17,0.87,27.20,7.10,0.31,0.02,Grass and Pasture
41012,14.11,0.23,55.04,0.05,13.86,16.53,0.23,0.04,Grass and Pasture
41013,15.58,0.67,73.83,0.00,7.37,2.23,0.08,0.28,Grass and Pasture
41014,23.77,3.29,47.32,0.03,17.90,7.50,0.32,0.03,Grass and Pasture
41016,17.68,1.05,62.17,0.00,13.27,5.90,0.22,0.00,Grass and Pasture
41019,20.30,4.33,43.93,0.07,18.78,12.33,0.38,0.08,Grass and Pasture
41020,9.59,0.07,64.24,0.00,21.83,4.37,0.16,0.00,Grass and Pasture
41022,35.23,9.16,37.80,0.01,15.17,2.44,0.25,0.02,Grass and Pasture
41023,31.78,4.69,23.46,0.00,38.28,1.87,0.01,0.00,Crops
41025,33.57,3.74,45.12,0.01,11.95,5.54,0.20,0.00,Grass and Pasture
41027,18.74,6.76,44.54,2.49,19.78,7.53,0.39,0.00,Grass and Pasture
41028,11.72,0.92,57.43,0.00,24.76,5.40,0.08,0.04,Grass and Pasture
41029,19.76,2.05,60.83,0.00,13.97,3.51,0.11,0.00,Grass and Pasture
42001,13.66,2.11,30.63,0.12,40.49,13.03,0.10,0.06,Crops
42003,33.55,20.49,10.28,32.14,0.24,3.36,0.02,0.00,Deciduous Woodland
42004,12.79,1.25,23.79,0.12,57.56,4.37,0.16,0.09,Crops
42006,9.24,0.52,42.28,0.01,45.48,2.60,0.05,0.01,Crops
42008,10.82,0.91,23.71,0.00,62.41,2.21,0.02,0.00,Crops
42010,10.33,0.76,23.26,0.12,58.56,6.90,0.17,0.01,Crops
42011,11.69,0.11,43.97,0.00,36.82,7.38,0.09,0.00,Grass and Pasture
42016,10.84,1.03,22.44,0.02,63.51,2.12,0.15,0.00,Crops
42017,17.82,2.05,22.62,1.73,2.41,53.22,0.09,0.09,Urban
42024,12.67,0.89,20.10,0.12,63.81,2.47,0.10,0.02,Crops
42026,3.32,0.20,31.48,0.00,62.25,2.74,0.00,0.00,Crops
42027,11.06,0.62,12.12,0.22,74.06,1.96,0.09,0.02,Crops
43005,3.44,0.41,50.94,0.00,41.85,3.40,0.05,0.04,Grass and Pasture
43006,11.94,2.43,36.74,0.01,46.61,2.09,0.23,0.08,Crops
43007,6.98,1.35,49.01,0.40,37.09,5.02,0.17,0.09,Grass and Pasture
43008,4.45,2.21,51.92,0.00,39.09,2.23,0.11,0.05,Grass and Pasture
43009,4.47,1.13,69.24,0.05,21.88,3.17,0.12,0.03,Grass and Pasture
43014,4.77,0.32,32.33,0.00,59.46,3.23,0.10,0.01,Crops
43017,1.12,0.00,32.28,0.00,64.13,2.54,0.01,0.00,Crops
43018,9.92,1.48,23.82,0.00,63.73,0.92,0.10,0.15,Crops
43021,6.94,2.43,41.53,2.81,42.00,3.86,0.36,0.18,Crops
44001,6.11,3.49,46.96,1.48,37.86,3.53,0.13,0.53,Grass and Pasture
44002,5.17,4.24,34.19,2.30,51.85,1.60,0.22,0.56,Crops
44006,6.85,1.28,59.62,0.00,32.11,0.24,0.00,0.00,Grass and Pasture
44009,0.98,0.00,52.96,0.09,41.74,4.13,0.00,0.00,Grass and Pasture
44011,8.60,0.94,72.64,0.01,14.72,3.11,0.00,0.05,Grass and Pasture
45001,9.44,2.74,77.20,0.57,8.28,1.59,0.31,0.02,Grass and Pasture
45003,8.04,1.65,63.36,0.13,22.20,4.37,0.10,0.33,Grass and Pasture
45004,7.19,1.44,68.82,0.04,19.80,2.77,0.02,0.00,Grass and Pasture
45005,8.14,1.88,57.61,1.99,25.90,4.61,0.02,0.02,Grass and Pasture
45009,9.09,3.20,83.29,0.95,1.92,0.49,1.20,0.01,Grass and Pasture
45012,8.68,2.03,54.87,0.01,32.01,2.44,0.05,0.00,Grass and Pasture
46003,8.38,4.95,69.79,12.59,2.51,1.75,0.07,0.11,Grass and Pasture
46005,0.61,4.23,56.10,38.93,0.00,0.24,0.00,0.00,Grass and Pasture
46008,8.02,0.71,68.76,8.70,12.21,1.52,0.16,0.03,Grass and Pasture
46014,14.65,9.60,62.28,4.57,7.07,1.55,0.36,0.09,Grass and Pasture
47001,7.78,3.80,69.24,0.95,15.76,2.10,0.45,0.09,Grass and Pasture
47004,8.23,5.05,67.89,0.57,15.83,2.42,0.04,0.04,Grass and Pasture
47005,4.35,1.63,71.98,0.78,19.79,1.57,0.01,0.04,Grass and Pasture
47008,11.15,5.92,69.89,0.20,8.93,1.27,2.81,0.00,Grass and Pasture
47009,6.83,1.27,59.13,0.00,30.00,2.97,0.03,0.00,Grass and Pasture
47011,7.37,4.55,75.35,6.31,2.06,2.24,0.92,1.34,Grass and Pasture
47014,7.61,0.83,75.02,14.17,0.46,2.11,0.00,0.00,Grass and Pasture
47018,11.31,3.99,74.80,0.17,8.17,1.56,0.14,0.00,Grass and Pasture
48003,14.33,0.12,39.89,4.28,21.44,5.78,0.55,13.80,Grass and Pasture
48004,5.47,1.33,86.46,3.64,1.05,0.38,1.86,0.02,Grass and Pasture
48005,6.97,0.00,37.87,0.09,46.37,9.02,0.00,0.00,Crops
48011,10.20,5.05,72.36,2.20,6.14,1.05,3.11,0.05,Grass and Pasture
49001,7.52,2.40,70.61,3.62,11.44,4.04,0.43,0.06,Grass and Pasture
49002,6.89,0.04,36.28,2.78,49.85,4.06,0.08,0.19,Crops
49004,6.02,0.00,50.44,1.91,37.26,4.23,0.05,0.47,Grass and Pasture
50001,9.47,2.49,68.05,0.86,17.81,1.33,0.06,0.03,Grass and Pasture
50002,9.48,4.16,61.88,3.58,18.69,1.86,0.26,0.28,Grass and Pasture
50006,9.11,2.87,75.56,0.26,11.04,1.09,0.07,0.07,Grass and Pasture
50007,7.89,0.22,59.94,6.56,23.17,2.25,0.06,0.00,Grass and Pasture
50008,10.07,3.65,68.49,3.00,12.84,1.62,0.38,0.06,Grass and Pasture
50011,7.36,1.85,62.31,16.46,7.59,3.26,0.30,0.96,Grass and Pasture
5003,1.49,13.62,44.00,32.09,0.00,0.01,3.83,5.04,Grass and Pasture
51001,9.19,5.13,46.26,2.31,34.01,3.16,0.13,0.05,Grass and Pasture
52004,4.02,0.92,48.11,0.00,40.41,6.35,0.26,0.00,Grass and Pasture
52005,6.93,1.63,58.40,0.30,28.13,4.34,0.32,0.02,Grass and Pasture
52006,6.28,1.26,60.31,0.01,24.70,7.06,0.51,0.04,Grass and Pasture
52007,3.56,2.84,68.76,0.00,19.54,5.45,0.01,0.01,Grass and Pasture
52009,6.46,0.25,67.79,0.00,15.02,10.40,0.00,0.09,Grass and Pasture
52010,3.71,1.40,74.73,0.00,17.80,2.36,0.05,0.09,Grass and Pasture
52011,5.02,0.14,46.60,0.18,44.04,4.04,0.13,0.00,Grass and Pasture
52015,15.84,0.13,57.97,0.77,14.91,7.43,1.60,1.68,Grass and Pasture
52016,12.78,31.98,33.61,2.17,18.11,1.10,0.61,0.00,Grass and Pasture
53005,5.42,0.48,52.34,0.05,32.15,9.50,0.03,0.11,Grass and Pasture
53006,2.41,0.05,48.19,0.46,18.89,29.06,0.21,0.83,Grass and Pasture
53007,10.12,2.60,54.35,0.06,25.67,4.67,0.45,2.25,Grass and Pasture
53008,5.69,0.33,45.08,0.03,46.24,2.64,0.05,0.03,Crops
53009,4.97,0.56,48.02,0.11,34.09,12.20,0.00,0.10,Grass and Pasture
53013,4.26,0.26,45.60,0.00,42.82,6.57,0.21,0.35,Grass and Pasture
53017,2.64,0.04,69.58,0.00,23.03,4.04,0.48,0.18,Grass and Pasture
53018,6.38,0.65,50.46,0.04,35.01,6.91,0.19,0.48,Grass and Pasture
53022,6.46,0.63,50.88,0.04,34.10,7.35,0.19,0.47,Grass and Pasture
53023,5.97,0.44,41.58,0.00,50.18,1.85,0.00,0.00,Crops
53028,9.88,0.12,47.17,0.00,39.95,3.04,0.00,0.01,Grass and Pasture
54001,7.22,4.32,55.81,2.11,25.97,4.07,0.57,0.09,Grass and Pasture
54002,5.32,0.29,35.60,0.00,47.31,11.14,0.48,0.02,Crops
54003,1.21,14.80,26.31,51.48,0.00,0.03,6.14,0.00,Shrubs
54004,6.01,0.17,28.35,0.00,33.95,31.38,0.27,0.03,Crops
54005,5.77,7.65,74.31,3.77,6.52,1.51,0.50,0.12,Grass and Pasture
54007,8.01,0.98,44.10,0.01,34.74,11.80,0.48,0.01,Grass and Pasture
54008,6.73,5.10,60.82,1.81,23.79,1.59,0.10,0.22,Grass and Pasture
54011,5.85,0.11,42.29,0.01,36.61,14.77,0.49,0.01,Grass and Pasture
54012,6.03,1.00,38.61,0.53,46.74,6.76,0.47,0.03,Crops
54015,4.89,0.17,47.29,0.00,41.46,6.22,0.09,0.00,Grass and Pasture
54016,4.74,0.92,47.66,1.69,41.01,3.76,0.41,0.00,Grass and Pasture
54017,10.13,1.66,49.97,0.15,34.32,3.68,0.08,0.17,Grass and Pasture
54018,6.29,2.47,61.74,2.00,24.65,2.54,0.12,0.36,Grass and Pasture
54019,4.37,0.14,41.37,0.00,42.46,11.10,0.69,0.05,Crops
54020,4.21,0.45,50.22,0.04,39.76,4.72,0.75,0.00,Grass and Pasture
54022,0.00,63.34,33.91,2.78,0.00,0.00,0.00,0.00,Evergreen Woodland
54024,9.31,0.69,24.46,0.00,56.53,8.67,0.52,0.00,Crops
54025,3.46,8.55,86.80,0.49,0.22,0.37,0.01,0.26,Grass and Pasture
54027,16.69,0.41,50.40,0.02,23.49,9.00,0.13,0.00,Grass and Pasture
54028,5.39,11.14,71.45,8.90,1.93,0.56,0.70,0.05,Grass and Pasture
54029,7.79,4.25,59.69,1.48,25.11,1.56,0.10,0.19,Grass and Pasture
54032,7.79,3.77,53.66,1.66,26.62,6.06,0.49,0.10,Grass and Pasture
54034,37.33,10.52,33.49,0.00,16.84,1.69,0.12,0.00,Deciduous Woodland
54036,11.20,0.28,43.03,0.64,41.38,3.47,0.06,0.15,Grass and Pasture
54038,4.03,5.59,81.33,6.84,1.63,0.57,0.08,0.15,Grass and Pasture
54044,10.00,3.69,51.73,0.03,28.80,5.64,0.32,0.00,Grass and Pasture
54048,6.81,0.13,28.66,0.00,59.33,4.89,0.30,0.00,Crops
54049,3.91,0.07,38.55,0.00,50.03,6.62,0.98,0.00,Crops
54052,2.92,0.38,57.58,0.00,36.21,2.84,0.32,0.00,Grass and Pasture
54057,7.06,2.70,48.96,1.16,32.48,7.23,0.49,0.08,Grass and Pasture
54060,5.66,0.15,23.63,0.00,69.40,1.27,0.17,0.00,Crops
54063,9.35,0.25,19.34,0.14,8.28,61.90,0.56,0.22,Urban
54080,3.40,20.97,71.66,1.06,0.33,1.00,1.44,0.28,Grass and Pasture
54095,6.04,4.65,59.84,2.45,22.91,3.63,0.53,0.10,Grass and Pasture
54096,6.56,0.16,31.52,0.00,55.83,5.80,0.29,0.01,Crops
55002,5.67,7.57,72.75,5.32,7.01,0.98,0.71,0.13,Grass and Pasture
55007,4.44,9.92,76.15,7.53,0.50,0.74,0.68,0.15,Grass and Pasture
55008,0.00,2.65,96.99,0.00,0.00,0.00,0.01,0.31,Grass and Pasture
55013,4.91,1.92,77.45,6.08,7.23,1.35,0.03,1.15,Grass and Pasture
55014,5.45,12.36,65.55,2.30,12.64,1.18,0.03,0.55,Grass and Pasture
55016,4.46,6.51,86.14,1.03,0.53,1.16,0.04,0.27,Grass and Pasture
55018,5.40,0.12,56.11,0.00,36.59,1.97,0.04,0.03,Grass and Pasture
55021,6.97,9.21,58.47,1.30,22.02,1.69,0.10,0.32,Grass and Pasture
55023,7.65,5.43,62.70,3.25,18.44,2.00,0.49,0.17,Grass and Pasture
55025,6.67,1.30,76.69,0.01,12.73,1.57,1.11,0.10,Grass and Pasture
55026,1.94,16.12,78.13,3.00,0.11,0.61,0.04,0.16,Grass and Pasture
55029,8.92,2.12,66.08,4.71,17.21,0.98,0.02,0.07,Grass and Pasture
55032,0.67,2.96,55.84,36.81,0.00,0.03,3.78,0.00,Grass and Pasture
56001,7.15,6.80,74.69,5.98,3.06,1.90,0.50,0.04,Grass and Pasture
56002,11.89,12.25,42.65,15.01,0.19,16.98,0.41,0.81,Grass and Pasture
56007,4.28,1.79,93.05,0.23,0.42,0.31,0.00,0.02,Grass and Pasture
56012,6.32,16.39,51.99,24.25,0.74,0.23,0.16,0.00,Grass and Pasture
56013,4.82,1.47,92.24,1.20,0.19,0.20,0.00,0.03,Grass and Pasture
57004,16.84,16.59,48.23,1.30,0.49,14.57,0.32,1.80,Grass and Pasture
57005,11.23,18.89,51.38,4.37,0.41,11.97,0.82,1.07,Grass and Pasture
57006,7.08,29.76,47.82,0.46,0.07,14.55,0.21,0.20,Grass and Pasture
57007,8.41,14.18,56.40,9.03,0.40,8.83,1.52,1.30,Grass and Pasture
57008,14.94,3.93,50.78,7.77,4.23,17.28,0.29,0.96,Grass and Pasture
57009,15.17,3.20,58.40,0.37,8.28,14.28,0.16,0.25,Grass and Pasture
58001,13.81,11.84,54.99,0.50,4.68,14.05,0.01,0.26,Grass and Pasture
58002,11.47,27.80,53.44,1.93,0.47,2.76,0.40,1.76,Grass and Pasture
58006,4.41,7.98,85.41,1.55,0.16,0.08,0.40,0.00,Grass and Pasture
58008,16.47,29.01,41.06,1.70,4.63,5.92,0.07,1.23,Grass and Pasture
58009,12.26,0.18,54.84,2.93,11.13,18.59,0.09,0.24,Grass and Pasture
58010,0.00,0.84,98.50,0.65,0.00,0.00,0.00,0.00,Grass and Pasture
58012,9.95,51.75,32.76,0.45,0.48,4.64,0.06,0.02,Evergreen Woodland
59001,14.29,6.10,67.38,3.31,1.35,6.32,0.11,1.21,Grass and Pasture
60002,10.26,18.06,67.85,1.86,1.51,0.53,0.05,0.01,Grass and Pasture
60003,9.29,1.11,83.56,0.07,3.84,2.14,0.01,0.06,Grass and Pasture
60005,7.63,38.36,51.60,0.00,2.00,0.50,0.00,0.01,Grass and Pasture
60006,12.63,13.14,71.69,0.14,0.98,1.54,0.02,0.00,Grass and Pasture
60010,8.70,16.94,70.48,0.66,2.14,0.85,0.33,0.02,Grass and Pasture
60012,0.70,12.21,86.76,0.41,0.07,0.11,0.00,0.00,Grass and Pasture
6007,3.24,16.93,27.79,42.39,0.30,0.09,6.76,2.58,Shrubs
6008,4.18,24.27,11.69,57.78,0.00,0.00,2.08,0.00,Shrubs
61001,7.66,1.54,73.34,1.01,14.31,2.17,0.04,0.07,Grass and Pasture
61002,8.12,3.41,80.18,1.72,4.89,1.17,0.61,0.03,Grass and Pasture
62001,6.47,5.70,80.56,1.83,3.39,1.99,0.11,0.07,Grass and Pasture
63001,5.79,17.32,69.06,5.31,1.36,0.80,0.26,0.28,Grass and Pasture
63004,0.16,29.24,50.12,19.83,0.03,0.03,0.10,0.61,Grass and Pasture
64001,7.16,21.39,67.90,2.68,0.42,0.37,0.14,0.05,Grass and Pasture
64002,4.46,15.22,74.76,3.45,0.52,0.24,0.91,0.52,Grass and Pasture
64006,5.59,9.42,83.26,0.06,0.64,0.84,0.28,0.00,Grass and Pasture
65001,8.83,8.78,54.43,25.45,0.00,0.14,2.44,0.14,Grass and Pasture
65004,5.12,8.05,68.97,13.31,0.07,0.72,2.68,1.33,Grass and Pasture
65005,2.38,13.92,79.09,2.81,1.10,0.40,0.28,0.16,Grass and Pasture
65006,7.37,1.09,72.00,8.89,0.22,2.83,2.59,5.13,Grass and Pasture
65007,3.05,0.84,87.70,5.14,2.08,0.11,0.86,0.27,Grass and Pasture
65008,0.31,0.00,90.61,3.91,0.00,0.06,0.17,4.94,Grass and Pasture
66001,7.41,8.68,75.59,1.14,4.71,2.23,0.05,0.38,Grass and Pasture
66004,9.56,2.14,79.66,0.57,3.91,2.70,0.18,1.55,Grass and Pasture
66006,4.51,2.06,83.69,8.62,0.19,0.30,0.49,0.21,Grass and Pasture
66011,5.26,15.04,58.00,20.56,0.01,0.25,0.54,0.42,Grass and Pasture
67001,1.69,11.59,67.07,16.06,0.14,0.35,3.21,0.02,Grass and Pasture
67005,5.60,7.77,69.17,16.65,0.14,0.75,0.04,0.01,Grass and Pasture
67006,2.01,18.21,67.14,9.25,0.11,0.22,3.04,0.14,Grass and Pasture
67008,10.39,6.35,66.54,5.15,3.59,7.07,0.29,0.79,Grass and Pasture
67010,0.00,0.10,54.43,44.95,0.00,0.00,0.78,0.00,Grass and Pasture
67015,4.58,12.26,64.15,15.30,1.03,1.16,1.53,0.15,Grass and Pasture
67018,1.42,23.89,62.82,11.67,0.06,0.15,0.05,0.00,Grass and Pasture
67025,6.47,1.52,44.65,11.39,13.64,21.47,0.29,0.69,Grass and Pasture
67033,5.53,7.85,63.40,9.89,7.99,4.18,1.07,0.24,Grass and Pasture
68001,4.85,0.54,65.09,0.01,20.88,8.08,0.65,0.04,Grass and Pasture
68003,6.23,0.54,64.65,4.67,11.85,11.58,0.58,0.09,Grass and Pasture
68004,5.09,0.09,51.03,0.00,21.10,22.25,0.51,0.06,Grass and Pasture
68005,4.39,0.49,69.69,0.01,22.08,2.76,0.71,0.00,Grass and Pasture
68020,4.75,2.12,59.60,0.00,28.07,5.44,0.07,0.21,Grass and Pasture
69002,8.47,1.05,44.77,13.46,1.86,28.27,1.56,0.72,Grass and Pasture
69007,7.30,1.42,40.83,21.61,0.60,26.93,1.22,0.24,Grass and Pasture
69012,7.55,3.83,59.12,1.10,2.64,25.40,0.59,0.00,Grass and Pasture
69015,6.59,1.31,34.84,48.16,0.15,7.27,1.72,0.08,Shrubs
69017,6.76,3.42,66.78,15.11,0.09,6.67,0.86,0.43,Grass and Pasture
69023,6.04,0.31,42.40,17.84,2.24,28.83,1.70,0.76,Grass and Pasture
69027,8.30,0.62,29.67,30.14,0.46,29.05,1.50,0.45,Shrubs
69030,8.37,0.23,16.26,0.00,40.69,33.87,0.65,0.16,Crops
69032,7.32,0.29,16.75,0.02,22.39,53.06,0.40,0.00,Urban
69043,10.04,0.00,22.44,0.00,2.13,64.88,0.57,0.04,Urban
70002,12.38,0.38,33.39,3.33,19.58,28.84,2.02,0.28,Grass and Pasture
7001,0.44,6.89,24.40,59.40,0.01,0.06,0.30,8.56,Shrubs
7002,2.26,10.72,17.04,64.39,0.43,0.06,0.63,4.55,Shrubs
7003,5.98,37.44,23.68,23.66,8.63,0.40,0.33,0.00,Evergreen Woodland
7005,1.54,9.53,8.52,78.74,0.07,0.01,1.69,0.00,Shrubs
7006,0.31,54.52,2.10,42.68,0.00,0.00,0.60,0.00,Evergreen Woodland
71001,4.97,2.71,68.50,14.57,1.20,6.85,0.61,0.70,Grass and Pasture
71004,6.96,0.90,60.26,12.25,0.97,17.63,0.81,0.35,Grass and Pasture
71006,3.04,2.13,77.28,12.45,1.05,2.58,0.06,1.53,Grass and Pasture
71008,4.33,6.24,60.72,27.35,0.15,0.68,0.62,0.04,Grass and Pasture
71014,9.20,0.55,51.74,7.11,3.60,27.17,0.70,0.13,Grass and Pasture
72002,5.22,0.75,65.16,18.20,5.66,4.63,0.56,0.00,Grass and Pasture
72004,3.20,1.61,80.67,11.53,1.11,0.82,0.14,1.05,Grass and Pasture
72005,1.51,1.60,89.61,5.65,0.37,0.55,0.06,0.76,Grass and Pasture
72007,8.15,2.08,77.99,9.69,1.34,0.83,0.07,0.00,Grass and Pasture
72009,3.13,1.09,73.22,16.41,1.70,1.11,0.03,3.44,Grass and Pasture
72014,8.79,0.57,74.75,10.30,2.02,3.12,0.58,0.00,Grass and Pasture
72015,0.92,1.74,88.01,7.22,0.26,0.70,0.06,1.19,Grass and Pasture
73005,4.96,0.87,83.93,4.46,0.85,4.65,0.33,0.13,Grass and Pasture
73009,4.45,0.20,80.42,14.68,0.09,0.25,0.08,0.00,Grass and Pasture
73010,18.50,5.68,63.81,1.64,0.22,2.75,7.30,0.26,Grass and Pasture
73011,3.76,1.57,91.47,1.00,1.07,1.11,0.21,0.00,Grass and Pasture
73014,12.75,0.83,82.07,2.13,0.02,0.51,0.89,0.93,Grass and Pasture
73015,10.64,1.63,79.48,0.74,5.52,1.34,0.67,0.28,Grass and Pasture
74001,7.20,5.60,84.62,2.12,0.05,0.18,0.34,0.01,Grass and Pasture
74005,4.11,11.01,65.83,5.99,4.75,5.37,2.59,0.48,Grass and Pasture
74006,3.07,5.00,88.07,0.66,2.64,0.72,0.00,0.00,Grass and Pasture
74007,4.80,1.22,90.85,1.42,0.05,0.24,0.97,0.52,Grass and Pasture
75003,6.18,6.18,71.76,10.65,0.15,1.14,3.91,0.10,Grass and Pasture
75004,3.84,4.90,74.30,12.53,0.37,0.44,3.71,0.02,Grass and Pasture
75017,2.58,0.71,80.74,0.72,12.59,2.19,0.27,0.33,Grass and Pasture
76003,4.19,2.49,80.51,4.61,1.89,2.49,3.56,0.41,Grass and Pasture
76005,3.16,1.91,76.44,13.35,2.57,1.17,0.07,1.46,Grass and Pasture
76007,4.34,5.86,71.78,8.34,5.90,2.54,0.83,0.55,Grass and Pasture
76008,5.15,23.82,52.49,14.94,2.10,1.23,0.17,0.24,Grass and Pasture
76011,0.00,92.78,3.55,3.67,0.00,0.00,0.00,0.00,Evergreen Woodland
76014,0.99,0.21,77.85,19.57,0.08,1.03,0.04,0.40,Grass and Pasture
77002,3.25,40.23,52.76,3.08,0.29,0.32,0.18,0.00,Grass and Pasture
77003,3.61,36.01,52.34,7.27,0.46,0.27,0.10,0.01,Grass and Pasture
77004,6.35,11.89,72.05,0.30,7.53,1.76,0.17,0.13,Grass and Pasture
78003,4.30,27.56,58.68,2.74,4.96,1.50,0.33,0.06,Grass and Pasture
78004,4.42,32.33,54.32,7.15,1.55,0.34,0.03,0.01,Grass and Pasture
78006,2.62,38.56,52.31,5.05,0.10,1.17,0.14,0.12,Grass and Pasture
79002,3.24,14.85,68.89,8.69,2.16,0.77,0.23,1.25,Grass and Pasture
79003,0.37,22.25,51.57,18.31,1.26,0.94,0.56,4.85,Grass and Pasture
79004,2.39,16.68,79.32,1.43,0.10,0.18,0.02,0.00,Grass and Pasture
79005,4.19,22.60,65.25,4.38,2.87,0.47,0.25,0.09,Grass and Pasture
79006,1.79,15.36,66.18,12.86,0.84,0.74,0.21,2.12,Grass and Pasture
80001,4.53,21.94,66.57,0.11,5.27,0.90,0.78,0.02,Grass and Pasture
80002,2.71,42.59,47.41,4.34,0.49,0.18,2.39,0.01,Grass and Pasture
80003,0.00,17.52,79.97,2.20,0.00,0.00,0.43,0.00,Grass and Pasture
80004,0.00,66.04,31.98,1.01,0.00,0.00,1.09,0.00,Evergreen Woodland
80005,0.00,0.81,98.23,0.96,0.00,0.00,0.00,0.00,Grass and Pasture
80006,0.00,26.66,64.39,2.81,0.00,0.00,6.21,0.00,Grass and Pasture
8004,2.36,9.05,17.64,61.83,0.21,0.11,0.27,8.61,Shrubs
8005,2.98,12.22,17.18,53.04,0.06,0.36,0.95,13.28,Shrubs
8006,3.38,15.67,19.48,51.97,0.69,0.44,0.65,7.82,Shrubs
8009,0.83,15.36,11.79,70.55,0.19,0.16,0.05,1.16,Shrubs
8011,1.91,10.61,32.30,54.73,0.42,0.17,0.00,0.00,Shrubs
8013,0.29,13.61,2.91,70.28,0.00,0.02,0.04,12.90,Shrubs
81002,4.26,55.09,26.37,12.49,0.48,0.36,1.00,0.01,Evergreen Woodland
81003,1.20,15.98,17.69,64.11,0.58,0.04,0.45,0.00,Shrubs
81004,3.06,38.68,21.15,34.09,1.68,0.14,1.31,0.00,Evergreen Woodland
81006,2.30,48.34,40.09,7.92,0.02,0.03,1.37,0.02,Evergreen Woodland
81007,3.43,44.90,38.31,10.74,2.45,0.00,0.23,0.00,Evergreen Woodland
82001,5.77,25.64,54.13,8.19,4.00,0.88,1.50,0.02,Grass and Pasture
82003,3.65,39.97,31.12,24.14,0.64,0.27,0.24,0.09,Evergreen Woodland
83003,2.54,6.67,77.03,11.24,0.66,0.77,0.14,1.04,Grass and Pasture
83004,2.63,17.99,61.01,10.18,1.55,2.23,0.32,4.18,Grass and Pasture
83006,3.66,10.79,68.12,8.66,4.59,2.07,0.26,1.95,Grass and Pasture
83007,8.29,0.92,76.98,4.62,5.99,3.01,0.29,0.00,Grass and Pasture
83009,5.55,2.89,64.13,16.61,4.06,5.74,1.13,0.01,Grass and Pasture
83010,2.81,26.38,46.03,19.56,2.85,2.45,0.02,0.00,Grass and Pasture
83013,3.51,13.00,63.07,10.08,6.06,4.33,0.06,0.00,Grass and Pasture
84001,12.70,4.08,46.65,7.74,10.24,17.05,1.28,0.44,Grass and Pasture
84004,1.39,10.73,65.94,16.92,3.21,0.89,0.65,0.38,Grass and Pasture
84005,3.82,13.46,59.57,12.54,4.75,4.71,0.56,0.71,Grass and Pasture
84008,6.56,5.56,51.72,11.90,6.26,16.82,0.13,1.10,Grass and Pasture
84009,3.58,19.35,55.63,14.36,3.88,2.78,0.41,0.16,Grass and Pasture
84012,6.78,4.40,49.88,5.22,3.42,28.44,1.76,0.27,Grass and Pasture
84013,4.40,12.43,57.26,12.25,4.98,7.41,0.68,0.72,Grass and Pasture
84014,2.19,21.27,52.00,13.76,7.45,3.02,0.22,0.21,Grass and Pasture
84016,15.62,5.68,45.15,8.12,8.07,14.86,0.35,2.50,Grass and Pasture
84017,7.18,1.38,53.98,25.21,3.62,4.76,3.86,0.10,Grass and Pasture
84018,1.57,12.93,65.77,14.22,3.23,0.95,0.61,0.83,Grass and Pasture
84019,9.44,3.48,34.34,10.19,7.48,32.24,2.15,0.87,Grass and Pasture
84020,6.14,5.19,64.81,17.26,2.80,3.62,0.25,0.00,Grass and Pasture
84022,0.39,15.98,66.74,16.21,0.21,0.18,0.00,0.36,Grass and Pasture
84026,15.50,16.13,37.49,18.65,0.80,8.63,2.93,0.00,Grass and Pasture
84030,3.10,9.00,57.25,8.74,3.58,16.67,1.37,0.31,Grass and Pasture
85001,9.27,7.79,51.89,17.58,1.30,1.24,9.97,1.04,Grass and Pasture
85002,8.39,9.63,53.44,23.58,2.83,1.69,0.55,0.00,Grass and Pasture
85003,1.58,3.74,81.25,5.32,0.66,0.01,0.15,7.40,Grass and Pasture
85004,4.37,0.38,85.21,9.92,0.00,0.10,0.05,0.00,Grass and Pasture
88001,2.99,71.59,6.00,18.83,0.17,0.18,0.32,0.00,Evergreen Woodland
89002,0.02,8.63,73.44,6.04,0.02,0.00,0.84,11.05,Grass and Pasture
89003,0.44,14.17,66.74,10.64,0.68,0.01,1.44,5.94,Grass and Pasture
89005,1.12,43.36,48.91,3.68,0.07,0.03,0.32,2.60,Grass and Pasture
89007,0.13,71.10,17.68,9.06,0.10,0.02,2.01,0.00,Evergreen Woodland
90003,2.72,6.71,54.16,17.99,0.37,0.46,0.06,17.65,Grass and Pasture
9002,3.38,18.93,42.40,17.36,17.26,0.77,0.06,0.00,Grass and Pasture
9003,3.08,25.62,49.71,7.88,12.18,1.61,0.12,0.00,Grass and Pasture
9004,1.28,30.91,39.40,16.89,11.39,0.34,0.00,0.00,Grass and Pasture
9005,0.09,4.18,23.52,72.20,0.00,0.03,0.00,0.00,Shrubs
92001,3.32,17.65,45.80,23.74,0.31,0.10,8.42,0.75,Grass and Pasture
93001,2.89,8.16,15.45,66.03,0.18,0.02,1.56,5.82,Shrubs
94001,1.94,2.98,3.64,78.98,0.03,0.03,8.64,3.82,Shrubs
95001,0.36,0.14,7.92,79.81,0.01,0.01,7.78,3.99,Shrubs
96001,0.05,24.48,1.96,72.61,0.00,0.00,0.95,0.00,Shrubs
96002,0.58,5.95,5.97,84.07,0.00,0.00,3.50,0.00,Shrubs
96004,0.00,1.52,16.70,78.27,0.00,0.00,1.12,2.46,Shrubs
97002,0.01,13.99,10.87,71.65,0.49,0.03,3.04,0.01,Shrubs
